comment_id,text,video_id
UgxVcfXVgPDweWjEWkN4AaABAg,Papitoooooo no me hagas hacerme un tiwtch.... cuando mi relatos clandestinos,TljdXjGe0XY
UgxwS0EuVJ1SjdEoJZV4AaABAg,"Siempre da gusto ver al tio sky jugar pero QUE P""TA PINCHE ANSIEDAD DA VERLO IGNORAR ABSOLUTAMENTE TODOS LOS DIALOGOS y despues renegar todo el tiempo por no leer un solo texto.",TljdXjGe0XY
Ugw8zuQkTPdsYmS6GAl4AaABAg,"Incre√≠ble maestr√≠a en el manejo del stream, definitivamente bien merecido su apodo de ""Mi king""",TljdXjGe0XY
Ugwhgle594ohkH2qkAp4AaABAg,Desbaneame en twitch qlo,TljdXjGe0XY
UgwINSL5zMhBk4Yym054AaABAg,M√°s videos de este lado t√≠o sky,TljdXjGe0XY
UgztGLCn5pizB5Mll0x4AaABAg,Tercer coment ya dej√© like mi Kong,TljdXjGe0XY
UgyzuHnIbacmjjbDqvJ4AaABAg,A ESTO SE DEDICABA UN PRIMO Y LO AGARRARON EN EL ADO Sadge,TljdXjGe0XY
UgzFkvChSNGQRdxjmOh4AaABAg,PRIMER COMENTARIO,TljdXjGe0XY
UgzuKxNNbkrYy72y-FB4AaABAg,P√°sate los kingdom hearts ‚ù§,yDdxQ18c5Jo
Ugwje1QbGHD9o4wQ9kl4AaABAg,"Me lo pase bien mikin, ya lo compart√≠ en Ventas Chiapas para que lo vea m√°s gente <3",_axdEZgfYyM
UgzGXgEAdXPisW0oC_J4AaABAg,Que rico ver streams re subidos sin anuncios.,o-zxvUfGbzE
UgyH1suSGB1nyf3GtER4AaABAg,Falt√© yo mi king pero no hay pp,o-zxvUfGbzE
UgzZuc0k3A4kysOtRnB4AaABAg,Skyshock asme elamor,dfxL7Bl7u1E
Ugy1npThsYGgrsqOOW94AaABAg,Era Wolph1089 o 1989?,dfxL7Bl7u1E
Ugx8P0EsmMBNMKe9Y0F4AaABAg,ta bueno el render,dfxL7Bl7u1E
Ugw4xa-WC3vvKXTlw7B4AaABAg,Ya pens√© que te hab√≠an limpiado mi kong,dfxL7Bl7u1E
UgzCz4oPnQrSXq_9fmN4AaABAg,PORQUE USA ANTEOJOS DE SOL DENTRO DE CUARTO??,dfxL7Bl7u1E
UgwN_1-FWtAOGQ_iFWt4AaABAg,Muy buen programa te felicito baja m√°s videos en YouTube,dfxL7Bl7u1E
UgyVJ1eVb67X5pWxXTd4AaABAg,"la verdad no la tienes tu, dejar de poner titulos de: la verdad, COMO SI FUER√ÅIS AHORA TODOS LOS GUR√öS DE LA UFOLOGIA",dfxL7Bl7u1E
UgwnyGMNl07gDPgVo-N4AaABAg,Deber√≠as subir aqu√≠ todos tus directos de twitch para saber de qu√© son,dfxL7Bl7u1E
UgzDtro5HWvZVsJ8bKd4AaABAg,"lo puse en la sala mientras hacia los tamales y tenia a mi jefita bien entretenida, que buen relatos Chadge",dfxL7Bl7u1E
UgzvrvL-glmuurDmq9J4AaABAg,Justo le√≠ ahorita que cortaron las comunicaciones de American Airlines no tendra algo que ver? 2:07:00,dfxL7Bl7u1E
UgxKLuWdvsbYz4VwIUJ4AaABAg,Todo chido que subas tu contenido a YouTube la otra plataforma est√° dlv üòÇ,dfxL7Bl7u1E
UgyNR-GOmEr1yYVGoIR4AaABAg,Grande mi Kong que bueno que quedo grabado,dfxL7Bl7u1E
UgyFR0KXMWXVNm-GWP94AaABAg,"Pero t√≠o Sky, volvi√≥ fuerte fuerte!",dfxL7Bl7u1E
UgzcptdnjGPvXTFHXQp4AaABAg,Sube los otros relatos mi kon,dfxL7Bl7u1E
UgxEY2diWUhtqfssKXZ4AaABAg,por fin,dfxL7Bl7u1E
Ugxh1DnFzAAFo4maDF14AaABAg,"Contenidazo, grande mi kin",dfxL7Bl7u1E
UgzPrpOualC41WMxICV4AaABAg,Gracias por seguir haciendo Relatos Clandestinos mi king <3,dfxL7Bl7u1E
Ugw4wizBn_XjSO-L0RJ4AaABAg,Que reviva el canal üôè,dfxL7Bl7u1E
UgwSjXlL-5vB_jtq1qp4AaABAg,silencio empez√≥ mi novela,dfxL7Bl7u1E
Ugzgujue8AAE5JZu4vR4AaABAg,Adi√≥s mi Kin te ir√° mejor en la CIA üò¢,dfxL7Bl7u1E
UgziI_1jLDE-1R5ZNSB4AaABAg,"e we para cuando el siguiente stream por aqui

PD: e we porque ya no puedo unir y ayer si podia unirme ü§≠",dfxL7Bl7u1E
Ugxtf0z6r5_cTDCmWr94AaABAg,"Grande mi Kon, haciendo un recopilatorio de los temas conspiranoicos de actualidad y de todo el a√±o üëΩüíÄ‚ù§",dfxL7Bl7u1E
UgwuoKSHrq9BhkeUM1Z4AaABAg,Mas e agora que o governo dos EUA proibiu o uso de drones temporariamente? Extraterrestres n√£o v√£o respeitar essa proibi√ß√£o. Eles continuam aparecendo? Isso √© o que mais importa agora.,dfxL7Bl7u1E
Ugx7aVYU4vvMLLuRE3N4AaABAg,"Volviste, y con mi contenido favorito, gracias sky, te extra√±aba",dfxL7Bl7u1E
UgxW-ojFT9TWjVdFnMh4AaABAg,"Wey porfin otra vez, extra√±aba los relatos alv te tardaste un chingo",dfxL7Bl7u1E
UgwJ7Zjwku19jybNY_Z4AaABAg,"Al fin un v√≠deo tuyo en youtube, hace a√±os que no uso twitch pero te recuerdo que narrabas Lol, ojal√° subieras aqu√≠ tus directos!",dfxL7Bl7u1E
UgwdyaKzxhD9j1PtFyx4AaABAg,Mi pap√° volvi√≥ de comprar cigarros,dfxL7Bl7u1E
UgzJ5yUZfRdK08mXsG94AaABAg,"Buen v√≠deo, por favor crea m√°s contenido as√≠",dfxL7Bl7u1E
UgyvydDlfGR_4g6zUQh4AaABAg,"Otro relatos que guardar√© para mirar en mis vacaciones, Gracias mi kong y Flipge para el chad.",dfxL7Bl7u1E
Ugy6KkBMcKSIWBFsUeR4AaABAg,"Este es el hermano malvado del Yoju? Buen video me encant√≥, saludos crack",dfxL7Bl7u1E
UgzDI2YJ30pRgQTgJAV4AaABAg,Bot 1 ü§ñ,dfxL7Bl7u1E
Ugx1BTn8r0a2euRXqLZ4AaABAg,"Ya lo v√≠, b√≥rralo",dfxL7Bl7u1E
UgyjntOq8YxroDmws094AaABAg,Flipge para el Biscosoüñï,dfxL7Bl7u1E
Ugzz1z2_44_D6rsXFq14AaABAg,buen video bro,dfxL7Bl7u1E
UgyOClqKL96MeRg6-fJ4AaABAg,Buen video we,dfxL7Bl7u1E
UgyOEFiB1rH_VJvHkCp4AaABAg,Hay que verlo antes de que lo borren,dfxL7Bl7u1E
UgxJFcgka-hjJ_pTFGl4AaABAg,Pito pal Chad .l.,dfxL7Bl7u1E
Ugw-KFu-VHwqQJzoOgR4AaABAg,exelente contenido me gusto,dfxL7Bl7u1E
Ugx5TYqY7b4TUbiMgCx4AaABAg,Sal√∫dame Yoju,dfxL7Bl7u1E
UgxmlLHeNJLws9Y4mTB4AaABAg,Me gusta tu contenido de relatos clandestinos espero verte m√°s en esta plataforma üòÆ deber√≠as poner otra cuenta sobre estos temas üò≥,dfxL7Bl7u1E
Ugyl7dKC9Bo7bep8ibt4AaABAg,Quibole viejo cochino,dfxL7Bl7u1E
UgzUqXhuB78mGPX5mwh4AaABAg,"El santo, el √∫nico superheroe de M√©xico",_ujMMaaUdG4
UgxtluYkRWaJ5lXd4Mh4AaABAg,"creo que mam√° es mere, y pap√° es per√©, hijo creo que el fils",w5HNBap066E
UgzWH6fEuMcSZJVdqKt4AaABAg,Contenido de mi categor√≠a üé©,w5HNBap066E
UgyX7iWWCcvF1BKihf94AaABAg,"Skyshock y su canal al servicio de la educaci√≥n, la cultura y el desarrollo personal. Baluarte de los que buscan refugio para su refinamiento.",w5HNBap066E
UgzK2Aoik12i1Mwp4Al4AaABAg,Jajajaja facts,t4mysvTSyMY
UgwrAhMCGKKH_oIfb_p4AaABAg,XD no gr,t4mysvTSyMY
UgyJNC1Ta-ssqngsSF14AaABAg,"Eres t√∫, islas blogs.??üèùÔ∏è",t4mysvTSyMY
UgxDnkHKh7rgdPYVcAx4AaABAg,Todas peleando mientras que Rhea,bbxW34mJmNw
UgyUlDaid-FyRJRXh-Z4AaABAg,Rhea: subo o no subo? Na mejor me voy,bbxW34mJmNw
UgxjXIjVOrgQosEd9t14AaABAg,Hay voy hay vou.... COMPADRE....,47crLAQdmfA
Ugz0qSsHh5-X7Cn_yw54AaABAg,"Muri√≥ la comedia, estamos de luto",jGkCaC2_9W0
Ugz0JbEr9iETTVXvtot4AaABAg,Me qued√© en el aire,jGkCaC2_9W0
UgzzFh7wGFpQKwKeyVt4AaABAg,Stare,jGkCaC2_9W0
UgxjOCg2g2EBzLPibNN4AaABAg,Que chistoso mi king Stare,jGkCaC2_9W0
UgwFYLqxNqr1csW6STJ4AaABAg,Stare,jGkCaC2_9W0
Ugzo85nwAqEe-N2WJ3t4AaABAg,Stare,jGkCaC2_9W0
UgwZiuoaS3OWzfCusMN4AaABAg,chistosito jajaja,jGkCaC2_9W0
Ugz1jV0WLLVDnIDqmiJ4AaABAg,XD,jGkCaC2_9W0
UgxZwm9p_p_wVnFyjbx4AaABAg,Supe que te funaron y quer√≠a decirte que teni mi apoyo para lo que sea. Pero la wea es que te voy a dejar de seguir y eliminar de redes sociales pa que no me vinculen contigo y despu√©s quede como encubridor y weas.,ZB3Vimg7qPQ
UgyF9BTqurWq1PiZUax4AaABAg,VI TUS DIRECTOS Y NO ME ENTREGARE NUNCA,ZB3Vimg7qPQ
UgzoW1KHj4BTnIgV6kR4AaABAg,Skyshock parte de la One Coin?,ZB3Vimg7qPQ
Ugy4qUToZkRF3gzaFeF4AaABAg,los streams de las chicas?,ZB3Vimg7qPQ
Ugz69RhDbQmZLUQX6kp4AaABAg,Devuelve la Switcj chimitrampas BabyRage,ZB3Vimg7qPQ
Ugzy8NbJxlasi1Jl6hZ4AaABAg,este no es un chor we babyrage,ZB3Vimg7qPQ
UgxdMhNpVjXdVD17vUp4AaABAg,El chimitrampas si la hubiese adivinado.,ZB3Vimg7qPQ
UgzVwqwb_HNzKivZ1Ul4AaABAg,Cuandoo fue este stream??,ZB3Vimg7qPQ
UgzOhsOoQAPy4_PfklN4AaABAg,Lastima que ya no se puede ver el programa completo üòÇ,ZB3Vimg7qPQ
UgyPSEUTYQLEk2OzvRt4AaABAg,Hahahahahahah,zpFYmkms2NE
Ugxwo1bzQSMLNStOxbF4AaABAg,Buen clip jajaja,zpFYmkms2NE
UgzbmW2YjQC6grGxJxd4AaABAg,"Mi Kon faltaba a sus clases de biolog√≠a luego le dicen gatos a los mapaches o palomas a las √°guilas, el √∫nico animal que reconoce bien es los perros porque los patea y los osos porque ese se lo chinga xD",tn0tgyncXlQ
Ugy9jaH0GkICnORk86t4AaABAg,*slap* Como que una mosca!? We... como que te falta ver las skins de kog'maw,tn0tgyncXlQ
UgzpSGmQTRntO2ND0qF4AaABAg,üòÇüòÇüòÇüòÇ,_0K9djNFvBg
UgzV1m1oDjan0muSgXh4AaABAg,no te rias we as√≠ se llama KEKW,_0K9djNFvBg
Ugy1PHUxaCUFaNxwCIV4AaABAg,"Por qu√© te r√≠es wey??
Okayge",_0K9djNFvBg
UgyJMG5LrWz1aDnpFhx4AaABAg,No le sabe mi King KEKW,_0K9djNFvBg
UgzBHODMeIxu1G9QiCJ4AaABAg,Que agradable contendio audio visual,_0K9djNFvBg
UgxHqTy16UxDxZrqHLh4AaABAg,Pense que iba a pasar su novia en pelotas o algo,_0K9djNFvBg
UgxVU4Hd7S2fp5AF_pF4AaABAg,Xd pd esta chido el cuadro de atras,_0K9djNFvBg
UgwZQ6QXWgEezaja4gV4AaABAg,Que entend√≠,_0K9djNFvBg
UgyxcX2cGzfOHxs-3AB4AaABAg,xddd,_0K9djNFvBg
Ugw3HTDmaUhe5BIN9jF4AaABAg,se necesita un crossover de estos grifos,fG6g8mK40Rk
UgxALMvEmhrc4IkUgyZ4AaABAg,Yeah!,fG6g8mK40Rk
UgzkmtTIRyMLTW1sHiB4AaABAg,Oye gelda escuchate esto ! ....a va pa... a va pa pa pa  pa pa,fG6g8mK40Rk
UgwR4Q-9SxC9GwUG77F4AaABAg,No pos no entiendo las risas... Supongo que es gracioso... O yo soy un amargado...,fG6g8mK40Rk
UgxuQngR1VlKgddAcZJ4AaABAg,Para cuando el siguiente mi king? O ya te silenciaron?,hX2oA_JpJ28
UgzsjGoktYgfWaH1Irx4AaABAg,"1:10:08 la imagen de la ni√±a y la flor, es una referencia a adrenocromo-chan ?",hX2oA_JpJ28
UgzS0AJjtxb6ulv1Tph4AaABAg,"Hssta cierto punto entiendo las imsgenes de los ni√±os en ese arte, es algo que yo veria pero la gente es pendeja de mente y r√°pidamente lo tachar√≠a de ped√≥filia",hX2oA_JpJ28
Ugz5TYmPhsoxK5uccWV4AaABAg,"Contenido de calidad, nunca dejes esta serie. Es sorprendente escuchar el podcast y perder noci√≥n del tiempo, cuando menos piensas lo viste completo. 10/10",hX2oA_JpJ28
UgzM5crmlL9xlJYDdCx4AaABAg,"Hola hermano, sos un grande, los temas que tocas son muy muy reales e interesantes y lamentablemente estamos en un mundo que la Maldad es la que MANDA , por mas Bien que quiereamos hacer como esa Jueza y as√≠ miles de casos de seres humano que hicieron el bien para la humanidad, hoy Ya no est√°n con Nosotros, porque la Oscuridad es la que manda en este Planeta. CREO que Ya esta terminando ese tiempo se Oscuridad para nuestro Planeta. Gente con Tu nos da las esperanza de que sigamos despertando a mas personas. Un abrazo desde ARGENTINA.",hX2oA_JpJ28
Ugwf5gQBj9hwDn2g6cB4AaABAg,Ya saca otro weee este ya lo vi 8 veces babiraje,hX2oA_JpJ28
UgzAy9SOyhXdqVAMi5J4AaABAg,Tardan mucho los caps :CCCC,hX2oA_JpJ28
UgyMkuTRk4tPL79TOvN4AaABAg,T√≠o Skyshook este cap√≠tulo est√° 10/10 solo que a√∫n no aparece en Spotify üò¢,hX2oA_JpJ28
UgznZYBFUkqgc7QUj5B4AaABAg,"Que agradable revisar que hay de nuevo y encontar un nuevo capitulo de Relatos Clandestinos, gracias ^^,",hX2oA_JpJ28
Ugyw3eHMwqzfUnsjNBV4AaABAg,Ya sabia que las monas chinas incitan al demonio üò®,hX2oA_JpJ28
Ugz5zfCVRBcQpqIZ2AR4AaABAg,Juega mobile legends,hX2oA_JpJ28
Ugw9CFCIbIwSsq_TpoF4AaABAg,"Por si acaso : No autorizo , no autorizo . En caso de una investigaci√≥n por parte de cualquier entidad federal o similar, no tengo ninguna participaci√≥n con √©ste grupo o con las personas que forman parte de √©l, no s√© c√≥mo estoy aqu√≠, probablemente agregado por un tercero, no apoyo ninguna acci√≥n por los miembros de √©ste grupo.
Grande mi kong",hX2oA_JpJ28
Ugy_zCex5AHSZ2OzLjV4AaABAg,Si autorizo Si autorizo mi kon ‚úÖ‚úÖ‚úÖ,hX2oA_JpJ28
UgwDtQ50Fw06NQjdpTV4AaABAg,yo si autorizo!,hX2oA_JpJ28
UgyfNWByCDEyQaLFU394AaABAg,"Hago este comentario antes de que hable de Balenciaga as√≠ que quiz√°s me equivoqu√©.

He notado que meten temas conspiranoicos como publicidad por ejemplo el v√≠deo de Justin Bieber donde seg√∫n imita a las √©lites, Andrew Tate hablando sobre que las √©lites no quieren que seas masculino, las fotos de Balenciaga, est√°s son las que se me ocurren no recuerdo mas",hX2oA_JpJ28
UgwVWyHVrFv40-eorl14AaABAg,"Verga caon, te sigo desde tus primeros videos cuando se llamaba  wolph y vaya, ahora me doy color que sigues subiendo videos. Me da gusta, que voz tan sexy jajajajajajaja
Saludos hermano!!!",hX2oA_JpJ28
UgyDPZ2WHuXo79v7_mN4AaABAg,"Grande mi kong, el paladin de la verdad ataca de nuevo..!!!",hX2oA_JpJ28
Ugw6JMApXLJlIoK-f_V4AaABAg,Ya necesitaba otro capitulo de ests gran serie,hX2oA_JpJ28
Ugx4vPhbYpRLRmhfTQd4AaABAg,"Por fin, contenido de mi categor√≠a",hX2oA_JpJ28
UgzXDj70cYdw6CKMfWx4AaABAg,Ojala puedan subir el especial de Octubre :c,hX2oA_JpJ28
Ugz-_DDWWuO88zk9Q7R4AaABAg,"En este hogar se autoriza el contenido de este canal, a√∫n si mi roommie se termina chingando en el proceso. NODDERS",hX2oA_JpJ28
Ugzk2iLNOTmREXi7dQ94AaABAg,"E-girls reclutando gente para unirse al ej√©rcito?, Lo mismo que las pel√≠culas sobre el ej√©rcito se est√°n actualizando",hX2oA_JpJ28
UgzN9C2vlLLMjTF3cY94AaABAg,No autorizo üî∫üëÅ,hX2oA_JpJ28
UgzTtFmkkvl4pqAeP0p4AaABAg,yo si autorizo alv!,hX2oA_JpJ28
Ugx7dmDkYghjamdfPqp4AaABAg,‚ö†Ô∏è‚ö†Ô∏è‚ö†Ô∏è,hX2oA_JpJ28
UgwXgpID6m0km1LT1Rh4AaABAg,"Aqu√≠ ta mi comentario para el algoritmo, como siempre excelente contenido mi kon, NO AUTORIZO NO AUTORIZO üö®üö®üö®",hX2oA_JpJ28
UgzwmZXvAcz5XWxzQ3p4AaABAg,Comentario para que YT no oculte este video üö∑,hX2oA_JpJ28
Ugy4id6bKoiavSWVAFR4AaABAg,Que fortuna haber visto el video en vivo Okayge,hX2oA_JpJ28
UgymjduVPiSp2OOhl-p4AaABAg,"I, under any circumstance, authorize, authorize, i repeat, i do NOT authorize.",hX2oA_JpJ28
Ugx9h3xUtZmRsZgPqxt4AaABAg,No autorizo,hX2oA_JpJ28
Ugw24-I7MFI_-fnI9Wh4AaABAg,Le sabes mucho Sky,hX2oA_JpJ28
UgxK9HoWgxO0_DWQECJ4AaABAg,üòß No Autorizo üòß No Autorizo,hX2oA_JpJ28
UgyWeHK-YtHkwA9bo594AaABAg,siuu!,hX2oA_JpJ28
UgxYD-XJOWTgKTYtVAF4AaABAg,santo Jesucristo ¬°¬°¬°¬°ü•µ,hX2oA_JpJ28
UgwyH4VB9JyBDb28cdN4AaABAg,"As√≠ es, yo autorizo que este contenido se reproduzca en mi casa. Biden, por favor no me busques.",hX2oA_JpJ28
UgxIUIDI04AMtXsvrK54AaABAg,"por fin, extra√±e mucho esta serie, no la dejes we",hX2oA_JpJ28
UgzHuV89AHslv7-8PN94AaABAg,"*NO AUTORIZO* el uso de mis datos a cualquier organizaci√≥n con o sin fines de lucro, a la cu√°les pueda estar perjudicando la emisi√≥n de estos relatos.",hX2oA_JpJ28
UgyI2nMqk-A09mYhgvZ4AaABAg,"Uyuyuy pap√°, desde este momento, me desvincul√≥ de este canal, nada de lo que diga el me representa.
Ya extra√±aba esta serie t√≠o skai",hX2oA_JpJ28
Ugwa5-0Bxkf9S5rtDjB4AaABAg,"Alguna vez han visto The house of cards?, Cuando Frank llega a ser presidente en un cap√≠tulo va a lo que parece un culto demon√≠aco donde todos llevan capas negras y sacrifican un mu√±eco, luego vemos que todos son personas poderosas que se re√∫nen a platicar en lo que parece un hotel en el bosque.

Se me hizo curioso que en cierto momento 2 personajes est√°n orinando en los √°rboles mientras platican y uno dice ""¬øVes esos √°rboles de ah√≠?, ah√≠ naci√≥ el plan de Hiroshima"", tambi√©n discut√≠an nuevas tecnolog√≠as como el de una IA que ten√≠a tu personalidad.

Mi conclusi√≥n es que ellos no creen que existan esos demonios sino que sirve de excusa para reunirse entre ellos y hablar de cosas de las que no pueden hablar en otros lugares.

 No he visto el v√≠deo porque a√∫n no se estrena as√≠ que quiz√°s me equivoqu√©",hX2oA_JpJ28
UgzL2G1C9wNDsd6g40R4AaABAg,Dudo puedas ver algo con esos lentes de sol en la oscuridad o.o,ZYYZno9DTw0
Ugzq-BVpA4baQxT2Jth4AaABAg,Y por qu√© no le hiciste el Warara warara we BabyRage BabyRage,ZYYZno9DTw0
Ugxi_0lhVDKfSAYAi-d4AaABAg,algo has de estar pagando...,ZYYZno9DTw0
Ugy-Oksw6sI8ysMgZhN4AaABAg,"Muy pocas veces est√° presente el Dr Nosferatu, pero las veces que est√° no decepciona!!!!!!!! Una maravilla ‚ù§Ô∏è",g4vyE6bJ0YE
UgzohkqfAMCMsAp75fJ4AaABAg,Ve nom√°s el panelooon de cracks los amo chicos,g4vyE6bJ0YE
Ugz0eiROZfZwD5bnLUd4AaABAg,"Hola sky 
He llegado aqu√≠ por una gran ola de recuerdos y nostalgia ya que hoy a anunciado su retiro mallow.
Me da gusto ver  hasta donde has llegado.",g4vyE6bJ0YE
UgxcG_rQd09Xhu7pd814AaABAg,"se que a nadie le importa, pero ""el pibe Valderrama"" es Pedro Eustache",g4vyE6bJ0YE
Ugyk6AdmqPIjXz_a4oF4AaABAg,oye estas muy guapo escaicho,g4vyE6bJ0YE
UgxRmHHsh3tKMVqFxFh4AaABAg,Pedazo de junta jajaja ...,g4vyE6bJ0YE
UgxhdMusxl-LytQFu454AaABAg,1:40 momentazo JAJAJA,g4vyE6bJ0YE
UgxPSFIJRdVIC7viV054AaABAg,nosfeh y sky .. ezreal con su taric ... yeah,g4vyE6bJ0YE
Ugya05wj6v7Y-Q85ytp4AaABAg,"Puras eminencias del videogaming, un stream de mi categor√≠a",g4vyE6bJ0YE
UgwAaW1MWguXTdXzUpJ4AaABAg,"Solo los que nos quedamos hasta el final tuvimos la fortuna de ver a Nosfeh despidi√©ndose a c√°mara, gran evento, y no hablo de los GA, si no del stream de mi kong",g4vyE6bJ0YE
UgwgzLD8jxvviXzBQhZ4AaABAg,Ese speech de Christopher Judge digno de intro del escai KEKW,g4vyE6bJ0YE
UgxFRnV9WRARyKwloLt4AaABAg,"Gracias por volver t√≠o Sky, andabas desaparecido de YouTube ü§ç",g4vyE6bJ0YE
UgwrzBvcsdDCAOhJooZ4AaABAg,"combinaci√≥n ganadora estos maestros de lo juegos de video, xD osea son la mamada pues, celeste 2 hades 2 diablo 4 Al Pacino y el ni√±o conservador cat√≥lico panista hahahah que bella noche",g4vyE6bJ0YE
UgyTXzG3FGWzi1xGyNx4AaABAg,Puro analista de calidad y renombre en la escena del videojuego. 10/10,g4vyE6bJ0YE
Ugz3PH0ZcQ3QiOwG1Lh4AaABAg,El duo nosfeh y sky nunca decepciona,g4vyE6bJ0YE
UgwKc9RuVJ-FBFy51ut4AaABAg,como extra√±o skyshock jugando a dayz  y al minecraft con mallowhouse,6ewh2oYphkA
Ugyn-kNfO8A-1McdPGN4AaABAg,Pinten al baron de azul kneKEKW,6ewh2oYphkA
Ugx4M3oX-ud1veyajU14AaABAg,Quer√≠a saber tu opinion sobre el mundial de este a√±o pero creo que no aras un video sobre eso üò≠ü§´,6ewh2oYphkA
UgyPUZPPzz1SNHE-s-d4AaABAg,un desmadre el Jim XD,6ewh2oYphkA
UgwpiKlEoYPFRMPJ-bt4AaABAg,Vuelve a castear world porfavor los caster actuales son family frendly ademas de aburridos y no saber nada l,6ewh2oYphkA
UgypvPDMOLo-5lhcFn94AaABAg,"Que buen video mi king, serie llegando a oro con jim",6ewh2oYphkA
UgzwuGmVZvf9onJry-R4AaABAg,El corki de mi Kong es un cl√°sico as√≠ como su Orianna,6ewh2oYphkA
UgzF3grNx-w5wVXBKI54AaABAg,No s√© por qu√© me cago el jg ALV,6ewh2oYphkA
UgwmPfnIkDKGz-UTRXx4AaABAg,Nunca me hab√≠a re√≠do tanto viendo lol üòÇüòÇ El jimbo es otro pedo,6ewh2oYphkA
Ugz-j8_6zwV9Ile-TtF4AaABAg,Tremendo JG ni el tyak era tan bueno,6ewh2oYphkA
UgyvWqTO77ACbk83kzp4AaABAg,jim rising? el de sc2? :o recuerdo anta√±o ver sus streams hasta que deje de jugar sc2 de ahi nunca mas supe de el hasta hoy,6ewh2oYphkA
UgzAWSDc_Jrlb-_7Cnl4AaABAg,"Van c√≥mo dos a√±os que no juego loly e estado zen,y hasta ahora e sentido ganas de flamear a alguien por tan tonto fail usando smite.",6ewh2oYphkA
Ugzv4MO9QtsAIHSbX4F4AaABAg,"8:46 si ponen el video en segundo plano y solo escuchan, parece que quiere matar a la mam√° de seiya con tal de no darle su lugar",6ewh2oYphkA
Ugw6oP99rGFhLp9imst4AaABAg,Aqu√≠ dejando mi vista humildemente para que le den de comer al Spirit BabyRage,6ewh2oYphkA
Ugz3o0mke-76KMHIETB4AaABAg,Que grande mi Jim Un Orgullo Veracruzano Okayge,6ewh2oYphkA
UgxbkDSbveT18AzI9Pd4AaABAg,Like para q no le vuelvan a robar a jim,6ewh2oYphkA
UgzUkdw65zhfIv0L3wJ4AaABAg,Ese no es thyak? Jajajajaja,6ewh2oYphkA
UgwhKBz8BmAE1wWSWb94AaABAg,√ëa√±e,BG6f9R5iWZU
UgzrIU6hoZnYOqYFLHB4AaABAg,las plays miticas del kong,BG6f9R5iWZU
UgygWgUjKITCwSBiUYd4AaABAg,El Jim smites locos XD,BG6f9R5iWZU
Ugx5TvtMmNOYgwwyuLp4AaABAg,√ëA√ëE,BG6f9R5iWZU
Ugzt4Q6g6OMVO8YjeF14AaABAg,Lo de seiya fu√© super decepcionante,BG6f9R5iWZU
UgyrW-Gd6wbboAPOyJd4AaABAg,Alguien sabe que sera un √ëA√ëE? xd,BG6f9R5iWZU
Ugx3dC_mDMJlzXSL0MV4AaABAg,√ëA√ëE!,BG6f9R5iWZU
Ugwlwk7T5Vjf9M1827J4AaABAg,NAA√ëEEE? babyrage babyrage,BG6f9R5iWZU
Ugycu6MDudxlDf-xVy94AaABAg,Que buena trolleanda de Seyia xd,BG6f9R5iWZU
Ugy36hGtIkwOyOgPeid4AaABAg,5:53 KEKW SIIIIUUUUUUUU REEeee,BG6f9R5iWZU
UgwWHd3j4Cv51_OVpXV4AaABAg,Como le chambea mi king.,BG6f9R5iWZU
UgwnyuO1D2sosaC46Kh4AaABAg,"Ay pinche JimRising, ""ya llegue a dar el smite""",BG6f9R5iWZU
Ugwu2POOgMo2FK5jrH14AaABAg,"Muy buena cr√≠tica ,üëçüíïüíï",BG6f9R5iWZU
UgxZNRWs08bDhBpKH1d4AaABAg,√ëA√ëEEEEE,BG6f9R5iWZU
Ugy_0EYtgzzmn8upxpV4AaABAg,√ëA√ëE porque me lo ordeno,BG6f9R5iWZU
Ugy_1K65U7uXDb9Q3Id4AaABAg,√ëa√±eando,BG6f9R5iWZU
UgxLZ_59HVAKbF0bP_94AaABAg,√ëA√ëEE,BG6f9R5iWZU
UgyK_R4MkcZh1alhW814AaABAg,√ëA√ëE,BG6f9R5iWZU
UgwMFmdyGmVvyMyf1gt4AaABAg,08:27 √ëA√ëE Origins,BG6f9R5iWZU
UgzjwlajGuht6Ok2mUN4AaABAg,√ëA√ëE,BG6f9R5iWZU
Ugy1k9p_8CHuZT8VlLF4AaABAg,√ëA√ëE,BG6f9R5iWZU
UgwxsLi0kOFl7ehV3Fp4AaABAg,√ëA√ëE!,BG6f9R5iWZU
Ugz4PLyRVTRO1teJlCV4AaABAg,Vengo haber si salgo en el video,BG6f9R5iWZU
UgzGIgOJC3ys_bRJUD14AaABAg,C√≥mo te amo mi kon Ratge,BG6f9R5iWZU
UgzgoqOjk0t3lJE4EsF4AaABAg,√ëA√ëE,BG6f9R5iWZU
UgwoasTqwoWUD9Ycsrh4AaABAg,√ëA√ëE!,BG6f9R5iWZU
UgxigctbIWigL0W-oF14AaABAg,√ëA√ëE,BG6f9R5iWZU
UgyTVz_yPNMGkBlPmO14AaABAg,√ëA√ë√â,BG6f9R5iWZU
UgyeePHma4toepxGB1F4AaABAg,√ëA√ëE!!!,BG6f9R5iWZU
Ugz4lfK3yjD6NokWQjJ4AaABAg,WARA WARA WARA WARA REEeee,BG6f9R5iWZU
UgyRj1d2TBLMf5gnen54AaABAg,√ëA√ëE,BG6f9R5iWZU
Ugzxo7ZEgsk6okmIshR4AaABAg,\üò°/  Waraa Waraaaa Waraaaa,BG6f9R5iWZU
UgwXQW3QdQa3L5SM3hp4AaABAg,√ëa√±e widepeepoHigh,BG6f9R5iWZU
UgwO1xe_1AA2w6Dx2ht4AaABAg,√ëA√ëE,BG6f9R5iWZU
Ugxd2vgnC_FOu9NsT7h4AaABAg,√ëA√ëE,BG6f9R5iWZU
Ugw7np6tS_kOknD5WBZ4AaABAg,√ëA√ëE KEKW,BG6f9R5iWZU
UgzMuJ1lrfONkOo6c_d4AaABAg,"Al fin podr√© revivir el √ëA√ëE, gracias mi kong
Espero el siguiente mes est√©n los coros de la canci√≥n de Oscar de la Hoya, esta super cagado todo ese segmento xd",BG6f9R5iWZU
Ugxetnui6SP3UdQMNbl4AaABAg,"Magnifica decisi√≥n usar esa excelente pieza musical al final del video, despu√©s de mucho tiempo al fin alguien pone m√∫sica de mi categor√≠a.",BG6f9R5iWZU
UgzbkpWZTSI57lvBzcV4AaABAg,"Todos son buenos momentos, pero no hay mejor momento que cuando prende mi king Okayge <3",BG6f9R5iWZU
UgxdI9El41LBT0nozIZ4AaABAg,ü§©ü§©,BG6f9R5iWZU
Ugx3bKYGRojhsCK_XVx4AaABAg,Es hoy,BG6f9R5iWZU
UgzemCq2T4B05WoCRl14AaABAg,Pe-pe-peroooo y las SCRIMS????? y las SCRIMS con NA????,yakXV1RmYpo
UgzFeMittC3Afx9ZHhV4AaABAg,"Me parece que la peor idea que pudieron tener los equipos de la LLA para ""mejorar"" su nivel de juego fue meter coreanos como AK.
En SoloQ puede sonar fant√°stico tener un coreano en tu equipo, pero a nivel competitivo donde la comunicaci√≥n es algo clave, las barreras del lenguaje e incluso culturales se notan mucho en el macro.

Eso sumado a las evidentes brechas que hay, como falta de presi√≥n con wards, toma de decisiones, trade de objetivos, etc... hace que tengamos el peor nivel de juego en el mundo.",yakXV1RmYpo
UgyCR3J9fT_1Z0YGoA94AaABAg,Graves bebedero para aguantar y no oneshotear a los carris exelenteeeee,yakXV1RmYpo
Ugy009ylSSCvyn23MeN4AaABAg,"grell ni de chiste tiene nivel para NA , en la final de LLA terminaron carreandolo el no puede contra la presion si ni en brasil pudo.",yakXV1RmYpo
UgxkIBlgJt722tmgbO14AaABAg,Cada 3 seg le retrasas no manches,yakXV1RmYpo
UgzRCfAxL4XLqk-RK594AaABAg,Min 12:00 si Jelly  flashea a la izquierda despues de acertar esa venda estunea a los carrys y es todavia mejor pelea,yakXV1RmYpo
Ugy_0PA4le15QYeKPo94AaABAg,"ulti de orn en teamfights = robar kills
ulti de graves en la misma team fight = contribuci√≥n
obviamente ADD trataba de continuar con la cadena de CC para asegurar si o si las kills lo antes posible para voltearse sobre los otros 3, algo mas ha de saber nuestro amigo pro y no un casual",yakXV1RmYpo
Ugzj7TGbA8R2n6D_s8J4AaABAg,ADD es como el dani alves en los pumas,yakXV1RmYpo
UgxX9Y3xOBr6H8HTpkV4AaABAg,Har√°s alguna reacci√≥n de las casters latinas ? Chance les guste tu opini√≥n con experiencia,yakXV1RmYpo
UgyqRJoko8Hy-kYNeIN4AaABAg,deja de robar ADD,yakXV1RmYpo
Ugwq7wxy0r70YxVUxUh4AaABAg,"ADD no solamente FALLO todas las ulti, tambien quizo saltar el muro de talillah con su E, grande ADD
8:13",yakXV1RmYpo
UgyiXjmprcdZuAzz9ct4AaABAg,( pepoG )  Diceselos mi KON,yakXV1RmYpo
Ugxpw5OPTZ_y7sxhkXx4AaABAg,Vete alv xd Se me hab√≠a olvidado que estaba en espera de estreno este video,yakXV1RmYpo
UgyaSpKM0e4XFqQftKx4AaABAg,Zzzzz,yakXV1RmYpo
UgwTi-W4rPRGVlIirT94AaABAg,ya sacalo mi king no manches BabyRage,yakXV1RmYpo
Ugyxj1spWbfCITKSard4AaABAg,Ya su√©ltalooooo,yakXV1RmYpo
Ugyzd4HZHUzRCfXSKsN4AaABAg,"Sky creo que este video, refleja en general tu relaci√≥n de amor/odio hacia Riot. Si nunca ves este mensaje no me importa, lo que me importa es que sigas conectado a tu juego que es LOL",pW80ge3h2FQ
Ugynjf4fW5c6SkQSU4J4AaABAg,"No sabia que el sky era de tijuana, cuando haces un meet perro",pW80ge3h2FQ
UgyxnbFKH7U14t2U3dd4AaABAg,"Aprend√≠ a jugar con las gu√≠as del tio skyshock, por eso nunca llegu√© a challenger ü§°ü§°",pW80ge3h2FQ
UgzM98dSpFWd878RVH14AaABAg,TJ kek,pW80ge3h2FQ
UgxqC16AiYJoWIlXesV4AaABAg,Like por el fondo de Big Boss üëç,pW80ge3h2FQ
UgyDdNksSGNrRZ_DjN54AaABAg,"Ahora si, la esperanza de LLA!! Jajajaja",pW80ge3h2FQ
UgxE7Xoul7F5Arp9Zzp4AaABAg,Volvi√≥ el king revive los E-sports,pW80ge3h2FQ
UgzyNUxrmg82_CFXM4x4AaABAg,Con quien jugaba? 0:,pW80ge3h2FQ
UgzeajXL_F6Ci0dbMu94AaABAg,y pensar que yo te veia en tus guias por  ahi la s2 al dia de hoy me alegra saber q estas creando contenido nostalgia pura,pW80ge3h2FQ
Ugws1MtPsIuFdbGVHAh4AaABAg,donde puedo ver el mundial redactado por vos dios sky. ??,pW80ge3h2FQ
Ugz3MeFtXsdayyH-P-F4AaABAg,"No dejes de subir videos papi Sky, por favor!",pW80ge3h2FQ
UgxVyLUtCBenoPYi92J4AaABAg,Mi Kong,pW80ge3h2FQ
UgxWyu6ZDlQYHZuocld4AaABAg,9:16 KERIA? POGGIES,pW80ge3h2FQ
UgxhkmE4ybXUfAsnJld4AaABAg,Mucho conocimiento en una sola partida,pW80ge3h2FQ
UgwXmj1IFpRJ8pWYF5d4AaABAg,Grande mario memes ense√±ando a jugar al novato,pW80ge3h2FQ
UgyUOaJOCqIavZaBqt14AaABAg,Vienen a  mi recuerdos del diccionario de LoL.,pW80ge3h2FQ
UgwlOHgBh7cNf9R9xkZ4AaABAg,Un grande el diputado Mario Memo para dejar que su soporte cargue con todo el juego,pW80ge3h2FQ
UgzigL7JQe421wj94xR4AaABAg,Al fin una gu√≠a de mi categor√≠a EZ CLAP,pW80ge3h2FQ
UgxKU8IA1S6Kk1Qkfk54AaABAg,"guia: vender tu alma,divorciarse o romper con tu pareja,esponja para ba√±arse mientras juegas, y ser un nini( ni trabajar ni estudiar)",pW80ge3h2FQ
Ugz3MxQ7IgNZb02sqPt4AaABAg,invita we Babyrage,pW80ge3h2FQ
UgwCUZMOSpbg2pIgMPl4AaABAg,"jajaja, primer paso, le metes varo, asi luego te vuelves adicto porque quieres justificar ese varo gastado",pW80ge3h2FQ
Ugz1AnMRdiOfPuOXbW54AaABAg,"Gran partida de este prospecto para proplayer, gracias a la juventud la regi√≥n de Latinoam√©rica llegar√° a grupos.",pW80ge3h2FQ
Ugyafau5SSUeaf-pr2R4AaABAg,"eh visto  un peque√±o reportaje de ti en c√≥digo sport, y vine a ver quien eres, y a ver 5 videos tuyos, se nota que eres un inepto,  haces drama de nada y si alguien hace algo es racismo, t√≠pico de un mediocre para abrirse puertas, si estas en la lista negra es por algo, y todav√≠a protestas si no quieren dejarte entrar a alg√∫n lado de riot, jajaja enserio das risa,  tener un microfono  y hacer es stream no te hace importante ni que tengas raz√≥n, pero bueno  no creo que te hagas una auto critica y mejores,  adios mediocre que nunca mas escuchare de el",LkRY49b_C6g
Ugy0HdupLr2q6q_erGN4AaABAg,"yo te vi el mundial, jejej narrando con azteca.",LkRY49b_C6g
UgwTFn6ZxbFm98C5Jhx4AaABAg,,LkRY49b_C6g
Ugy5NAV5W3Q9zQzTJi54AaABAg,Eee wee b√°jale al zoom y hagan los cortes mas fluidos BabyRage,LkRY49b_C6g
UgxPpxbK10WONKDuzpF4AaABAg,"Pus est√° bien no? XD a fin de cuentas no es un trabajo como tal. No s√© por qu√© tanta preocupaci√≥n, a fin de cuentas somos puros gamers y lo hacemos por que nos gustan los videojuegos jajaja
Y es como todo, puedes poner un puesto de tacos habiendo 2mil m√°s en la ciudad, si tienes chispa y un poco de suerte ya la hiciste",LkRY49b_C6g
UgwVM3OtqvMmQpxNHP94AaABAg,"Hola Skyshock, tengo una duda, porque ya no comentas los partidos de la LLA? aunque sea comenta las partidas del mundial :c se te extra√±a",LkRY49b_C6g
UgybkYM5wTHwBIs2HAx4AaABAg,Y ahora que voy a tragar???,LkRY49b_C6g
UgyaUUVdORSUoLbe1H54AaABAg,"La verdad los que se meten a twitch a stremear se me hace un poco tonto por que ya se metieron demaciado tarde y a lo mucho tendran 5 vistas y si les va bien , pero necesitas tener tremenda suerte para pegarle al gordo en twitch en estos momentos ,como le paso a youtube ahora le esta pasando a twitch",LkRY49b_C6g
Ugyw21J_6DfNNsLs5bN4AaABAg,"NA streamers in shambles 
P.D Estaria bueno q el kin en el stream ponga un leve mas grande su camara solo cuando vaya a dar una opini√≥n muy extensa para q cuando le editen sus videos no se vea medio extra√±o por tanto zoom",LkRY49b_C6g
UgwAU08w5Aqm5c_w-iR4AaABAg,"Hola Skyshock me acord√© de ti gracias al lolcito ya que estaba buscando runas de nunu y record√© que tu hiciste el √∫ltima presentaci√≥n de ese champ en fin , ya te ves viejito Man te quiero mucho a√∫n soy tu fan ü§†",LkRY49b_C6g
Ugw-OeGGFEmAtB9rHCp4AaABAg,yo tengo 0 :(,LkRY49b_C6g
UgyFeeuYH4_DtoYJG8B4AaABAg,Estoy totalmente seguro que la persona que se detuvo a leer est√©s comentario ser√° muy exitosa en todo lo que haga,LkRY49b_C6g
Ugx2Ruwaa5y8S8M5bwB4AaABAg,‡ºº „Å§ ‚óï‚Äø‚óï ‡ºΩ„Å§ El Heroe del Pueblo lo Hace de NUEVO!!  ‡ºº „Å§ ‚óï‚Äø‚óï ‡ºΩ„Å§    ...  ‡ºº „Å§ ‚óï‚Äø‚óï ‡ºΩ„Å§ ES  UN  HONOR!  ESTAR CON SKYSHOCK! ‡ºº „Å§ ‚óï‚Äø‚óï ‡ºΩ„Å§,LkRY49b_C6g
UgytloQtBQW4QZjKLRB4AaABAg,"T√∫ te quejas porque ya est√°s establecido, deber√≠an limitarte mejor las horas a ti y t√∫ poner m√°s anuncios para que ya no chilles.",LkRY49b_C6g
UgwJeAnrT4oS5JZPprZ4AaABAg,"Tenia mucho de no ver a Skyshock y ahora habla muy tumbado, arrastra lo que dice todo el tiempo jajaja",WjtByUlwDC8
Ugwc_af5MOIO9wqEpex4AaABAg,"ya prende mi kong BabyRage (no hate, mucho love) Okayge",WjtByUlwDC8
UgyRR3QJvKJq00aE8Px4AaABAg,"yo creo que aca el pedo es que hay que entender que el streamer lo hace porque le gusta y la audicencia se suscribe o manda bits porque le gusta el contenido mas no porque lo estes comprando o quieras tener derechos sobre √©l, la raza que se intensea con los streamers est√° muy mal",WjtByUlwDC8
Ugz69prcyBzEzFnApXZ4AaABAg,Ya prende we,WjtByUlwDC8
UgwM6Xc8JIN85LSkxfp4AaABAg,estabas ebrio o bajo el efecto de alguna drug? jajajajaja a mi no me enga√±as pill√≠n. No te preocupes no har√© lo mismo que la gente reclamandole al mariana por su vida personal (gente enfermita),WjtByUlwDC8
UgwOhA9w8pS8BMlmmjl4AaABAg,ya prende we (No hate),WjtByUlwDC8
Ugw_-9GJEmklGKNattF4AaABAg,Ya vas a prender o no wey BabyRage,WjtByUlwDC8
UgxHguqMetDidZXF6g94AaABAg,5:43 se paso de vrg xd,WjtByUlwDC8
UgxFoa6gIO_T_53w4Ax4AaABAg,Est√°n bien raritos los fans de los streamers xd,WjtByUlwDC8
UgxQ3gQBtSjg9MkjBR14AaABAg,ya prende we babyrage XD,WjtByUlwDC8
Ugw6lVXjpGdLf77xcQF4AaABAg,"Se te da muy bien la hablada de forma libre, Sky, deber√≠as hacer podcast en los que hables libremente de temas espec√≠ficos, como una pl√°tica.",WjtByUlwDC8
UgxI4tZVbOwYqL1lyIR4AaABAg,"tambien es lo que tiene hacer un stream para ni√±os, al tener un publico tan infantil e inmaduro, a todos los streamers que hacen contenido muy parecido al mariana les ha pasado algo as√≠ con su p√∫blico. Solo hay que ver las reacciones y lo intensos que se ponen los seguidores de Auron, Juan y similares",WjtByUlwDC8
Ugz7ej6mOzjrN-q4C354AaABAg,YA PRENDEEEE BUEY BABYRAGE,WjtByUlwDC8
Ugxf1522uzG9qGSc5354AaABAg,"el sonido de la musica esta super alto, y me super caga que el sonido de la voz de mi gran skyshock esta bien bajito",WjtByUlwDC8
Ugx_7pQXJWEXOu3IHYJ4AaABAg,"La gente se acostumbran a verte en ese horario es casi como un programa de televisi√≥n, si la gente lo deja de ver podr√≠a afectar bastante",WjtByUlwDC8
UgwCZWBKSC_CuYJG-3B4AaABAg,"justamente hoy siento que se desquito con los intensos del chat, que le andan diciendo que no le gusta rigcraft o cualquier cosa y tienen que poner su comentario de mierda o cuando pone en el titulo jugaremos ""COD"" (por poner un ejemplo ) y le andan spameando ""¬øy tortilla ya no vas a jugar?"" o andan spameando a canales ajenos el zaza de forma exagerada, o si hace un stream de  ""poco"" tiempo le reclaman.",WjtByUlwDC8
UgwrJbhfmi3bEs1vhRp4AaABAg,"""Un verg√≥n con pus"" JAJAJAJJAJAJA",WjtByUlwDC8
UgwafCeQ9iOh5om6aBt4AaABAg,Se lo toman tan en serio que pueden llegar a destruir las amistades de los streamers,WjtByUlwDC8
UgzGax-JCCwZ3FfpFxx4AaABAg,JAAJAJAJAJA GOD,WjtByUlwDC8
Ugxvg7GOxJiiWz2ixHd4AaABAg,Ya prende we,WjtByUlwDC8
Ugzm2ADMvr9rrJCzPPd4AaABAg,Yo una vez de portero tiraron pegado al poste me avent√© y saqu√© el bal√≥n a la banda y todos gritando que chido y cuando me levanto y volteo todos me ven con la nariz sangrando xD,WjtByUlwDC8
UgyCUQyUR9ZFgQitr3B4AaABAg,"Un saludo para el tio Sky, alrato me suscribo Okayge",WjtByUlwDC8
UgyujgOeFk2sIs2e9WV4AaABAg,Hijos de su frutisima,WjtByUlwDC8
Ugw5rXCzPVtlTlSe2Kx4AaABAg,"La audiencia quiere que su streamer sea perfecto para poder presumir de ellos ante otras audencias es un sinsentido es como hace a√±os cuando pon√≠an en un pedestal a los youtubers.

Se ponen a compararlos como si fuera una pinche competencia",WjtByUlwDC8
Ugx0b2MCtYicrMFIAUl4AaABAg,√ëA√ëE,WjtByUlwDC8
UgxPID_ZKIMEQfAWw0B4AaABAg,La audiencia se cree due√±os de los streamers,WjtByUlwDC8
UgyRsVme4bRiM5hy8Kd4AaABAg,Okayge,WjtByUlwDC8
UgyJZf0gkjMGedX2JKV4AaABAg,La liga latina de lol murio cunsdo nosfhe y skyshock dejaron de castear,rArbLqoi6KQ
UgwD4MdDzp7Bu7Sng894AaABAg,420 de kDAAaaAaaaaaaaaAaaa üòÇüòÇüòÇ,rArbLqoi6KQ
UgzdhB-Bv1Gu9nZt-tp4AaABAg,14:15 JAJAJAJAJAJAJAJAJAJAJJA,rArbLqoi6KQ
UgwGvPkR4jDyYrtWsTR4AaABAg,Alguien puede decirme que stream es este,rArbLqoi6KQ
UgxFSKgK4s3cWS4Sv0t4AaABAg,el Sky cuando era m√°s jovencito,rArbLqoi6KQ
UgwhQC1_ORJjNM7b8_N4AaABAg,Todo muy hermoso pero cuando mier$$$$$ los recontratan la re %&$*##* &√∑&√ó&:$ *√∑&$&,rArbLqoi6KQ
UgyCcto2oAXMA8U0n5F4AaABAg,Qu√© nostalgia :(,rArbLqoi6KQ
Ugw9NTNoedi7E2eTXeJ4AaABAg,Ojal√° que se haga otro video de los funny moments de la lla,rArbLqoi6KQ
UgxZDzgusaMpgHlsgD14AaABAg,"El t√≠o skyshoc , y nosfe eran la verga jajaj",rArbLqoi6KQ
Ugy6y_zwgx_4BB9TU8N4AaABAg,COMO TE EXTRA√ëO LLN UnU,rArbLqoi6KQ
UgxKyvhZsIhBLLeu9nV4AaABAg,¬øNeta nos quitaron todo lo que ten√≠amos antes por el mal chiste de liga que tenemos en la actualidad? ¬øEn qu√© fregados estaba pensando Riot?,rArbLqoi6KQ
UgzvcqBI3JjSYI9_bTx4AaABAg,#eramosLAN,rArbLqoi6KQ
UgwrgTjpbUo-si-hf0h4AaABAg,La l√°mpara se salva,rArbLqoi6KQ
UgxT27-8HIcodLYftlt4AaABAg,Extra√±amente este contenido era m√°s profesional que el de la lla,rArbLqoi6KQ
UgzB8Z3wVeXzaRo_PFB4AaABAg,"Y aun asi, con todas esas cagadas.... Es mucho mejor que la produccion actual de la LLA (you can't change my mind)",rArbLqoi6KQ
Ugyopk3TM6spOoA5A-p4AaABAg,"A√±os viendote desde que jugabas al DayZ con Mallow y luego las entrevistas o analisis de Trick2g y Seiya antes de que hubiera servers en LATAM, los Skycast que me encantaban, luego cuando subiste los audios latinos de los personajes para latam y de alli tu anuncio a dejar el canal para trabajar con Riot, increible viaje, sin duda de lo mejor que ha tenido LoL Latam desde sus inicios y tu gran trabajo como comentarista, saludos Sky.",rArbLqoi6KQ
UgzolbRiJsrUAtMW50F4AaABAg,"T√≠o Sky, estar√≠a chido que nos contaras m√°s historias pa los que vivimos de la nostalgia.",rArbLqoi6KQ
UgzT6aTuVU9L3l5qIKx4AaABAg,Que stream fue ese?,rArbLqoi6KQ
Ugy1mwrKOZC6IVnWqw94AaABAg,3:19 Hobbler sigue jugando. Esta en Zeu5 Bogota en la LVP Colombia.,rArbLqoi6KQ
UgzDetKFhDKpg2WH-6R4AaABAg,"Esos mans subiendo su disculpa, como si a los jugadores de LoL de verdad les molestara el racismo. xD",rArbLqoi6KQ
UgxOjhIdjFQt8lKWYNt4AaABAg,"Conoci a Sky cuando quedo fuera de riot. Por eso me gusta ver este tipo de videos, aparte del chisme jajaja",rArbLqoi6KQ
Ugxg2Pgr_NlYDeYMARJ4AaABAg,Me hubiera gustado conocerte desde aquellos a√±os jaja pero saber mas del kin  de hace 10 kilos esta chingon jajaja,rArbLqoi6KQ
UgxmPU47QHrcSjadIpF4AaABAg,Grande mi kong,rArbLqoi6KQ
UgzqLtwzUA5t_uK0gjd4AaABAg,los mejores a√±os del LoL en LATAM sin duda,rArbLqoi6KQ
UgxEPBbgbpofNnpmkal4AaABAg,"Muchos no lo saben pero el Tio Sky ayudo mucho a que la comunidad del LOL que habla espa√±ol creciera,  hasta inspiro al TioKnekro y lo consideran el padre del LOL en espa√±a.. Pero empezo aca en Tijuana culos.",rArbLqoi6KQ
Ugz9-N8SlkWzUpVBavd4AaABAg,"Los √∫nicos partidos que he visto son de Rosters LAN vs LAS...

Y se nota mucho la diferencia del equilibrio entre jugadores, por ejemplo esta final, si bugi no propon√≠a su equipo totalmente muerto (al final entre Bugi y Mireu en conjunto casi la ganan), mucho desbalance en ese equipo.
ADD f√°cilmente pod√≠a dominar a ACCE, Seiya a Mireu (lo veo como de anta√±o en √©pocas Lyon), la Botlane implacable en el duelo, Grell ech√°ndole fibra y poni√©ndose lo m√°s nivelado contra Bugi Uff brutal...

Yo sab√≠a que iba a ganar Isurus porque es LAN ese equipo, y fue lo correcto.

LAS tiene mucho sobrevalorado y tambi√©n ego del tipo basura, se la cromaban a Newbie, a Tierwulf por ir a EUW, a Josedeodo, pero regresan y ya vieron el resultado... Es lo mismo que con Globant Emerald, en su rancho eran los m√°s fuertes y ac√°.... Mr Sat√°n. Ahora desde que movieron Per√∫ a ser LAS por motivos de Ping, atribuyen todo lo logrado por Oddie o SolidSnake, etc... 
Eso se va a confirmar esta promoci√≥n / relegaci√≥n, aunque la mejor prueba de fuego era un equipo de LAS, puesto que Per√∫ mayormente siempre hab√≠a competido en LAN.

Estar√≠a perr√≥n revivir el hashtag de #SomosLAN, y que los equipos full roster LAN, se sacaran un estandarte mamal√≥n con siglas ""LLN"". 
Esta ""LLA"" s√≥lo he tenido algo claro...

LAS + Imports = Imports Destacando por Encima.
LAN + Imports = Equilibrio Balanceado.

Ojal√° empezaran a tener m√°s equipos Full LAN + imports, los de LAS se atribuyen el haber vencido a Brasil en el IWCQ cuando ese fue LLN, el Pool que se le ha dado a LLA, es el que se gan√≥ LLN no ellos... Encima tienen el descaro de sentirse superiores, ojal√° relegen a todos esos equipos y no vuelvan a ascenderüòú",rArbLqoi6KQ
UgwHfVzz65uH6BTVRrh4AaABAg,"9:46 y se fue todo a la v. Neta que peso un chingo esa desici√≥n. Que buenos casteos, recuerdo miraba entera toda la transmisi√≥n, una chulada, los m√°s entretenidos.",rArbLqoi6KQ
UgxvMuY1exoLKiFsPYl4AaABAg,Que hermosos recuerdos.,rArbLqoi6KQ
Ugy7YcifczktnkwNEDl4AaABAg,"No mames este puto video es una joya, un d√≠a te vi cabr√°n en pinche reforma, de saber que eras grifo te invitaba un puto toque alv",rArbLqoi6KQ
UgwSgcONWFMpZRJraYR4AaABAg,12,rArbLqoi6KQ
UgwsPiZUVpxFLX_QrPt4AaABAg,esos si eran talentos en camara hoy solo quedan viejos aburridos (sin ofender por que ahora se nota sus expresiones de saquenme de aqui lo hago por simple trabajo) y pubertos con aires de influencers.,rArbLqoi6KQ
UgwMr1I5otQ6N2SSBh54AaABAg,"El Norte Recuerda
#SomosLAN
#FuimosLAN",rArbLqoi6KQ
UgwZAItOtWZ3KkDbfW54AaABAg,Recordar es volver a vivir,rArbLqoi6KQ
UgyvpMWAWnM8QisnIMp4AaABAg,"Faker Faker Seiya Seiya XDD los mejores caster eran skyshock, nosfeh y rafa los mejores... ""Skychock  ¬ø Qu√© tenemos ? GG para Lion Gaming",rArbLqoi6KQ
Ugwd-AiBZ25jaEqY3Ah4AaABAg,jajjaja que cague de risa recordando esos buenos momentos,rArbLqoi6KQ
UgzWa_uCi8j3tz1YZLZ4AaABAg,Yo me la pasaba muy chido viendo la LLN con el sky siempre ah√≠ andaban echando desm√°n el y nosphe,rArbLqoi6KQ
Ugx4vSIkD9FbBMb2hZh4AaABAg,Yo me la pasaba muy chido viendo la LLN con el sky siempre ah√≠ andaban echando desm√°n el y nosphe,rArbLqoi6KQ
UgwzbBj_2knEl0za7E14AaABAg,"Me gusto mucho ver video reacciones , espero que sigas subiendo este tipo de contenido sky",rArbLqoi6KQ
UgxP5fepd-LfhgVQF4V4AaABAg,Que Agradable Lugar y/o Producto  ü§ñ7 ...  Que viva el CHAD üòä,rArbLqoi6KQ
UgyscOeuhBV6MFznT2l4AaABAg,JAJAJAJAJ joyitas,rArbLqoi6KQ
UgwfRd-KRjx3QPffOOx4AaABAg,2:34 yo tambi√©n creo q el foco los dej√≥ as√≠ ajajaj,rArbLqoi6KQ
UgwxGox7uRZmz_zTzSp4AaABAg,"Un shot por los caidos, RIP D9. üòû",rArbLqoi6KQ
Ugwh2MJdar-uY_HOWSZ4AaABAg,te quiero mucho Erick :),rArbLqoi6KQ
UgxDB5SYt2T_-cT3KpF4AaABAg,Alguien tiene el link del stream completo?,rArbLqoi6KQ
UgwQ_Ll3eHtqG7KtP_V4AaABAg,"Hobbler sigue jugando, no est√° en la LLA porque puso su carrera universitaria por encima, actualmente est√° por graduarse de Psicolog√≠a!",rArbLqoi6KQ
UgwXCERdcf7eRPdzQ0p4AaABAg,DE CUANDO ES EL DIRECTO?,rArbLqoi6KQ
UgwNWcPd7cVZDK8JGSR4AaABAg,Cuando unieron las ligas en el sur y dimos un bajon de nivel del demonio.,rArbLqoi6KQ
Ugwl-HKMYhl98asMqG94AaABAg,Y mi oso?,rArbLqoi6KQ
UgyEVGPg0P70GAza7JN4AaABAg,"Y pensar que la LLN ""improvisando"" le salieron mejores las cosas que a la LLA con m√°s presupuesto XDDDD",rArbLqoi6KQ
UgwRw8eSEWuChzmcUGl4AaABAg,"me gustaba mucho la LLA , y me doy cuenta lo que me gustaba era mucho la informalidad que le daban era como estar con amigos viendo el juego que me gustaba",rArbLqoi6KQ
UgxnLy13BeeoCFOBBVd4AaABAg,Una joya esta reacci√≥n. Siempre vamos a recordar a Sky y sus casteos sin duda alguna.,rArbLqoi6KQ
Ugy5BYjC72QmkgrGz6N4AaABAg,"yo veia esas partidas solo por su casteo, los mejores casters de la historia de latam, no las chingaderas que ahora ponen xD",rArbLqoi6KQ
UgxbfkUoJVBv1ZPHudl4AaABAg,"Grande Legion JAJAJAJA todo ah√≠ extravagante con el pelo azul, curiosamente me acordaba m√°s del nickname anterior, el Jarvan xd",rArbLqoi6KQ
Ugzez9ZVFmZL5YYUtNx4AaABAg,Grande el becariooooooo,rArbLqoi6KQ
UgwV1zVBOfozku9HhIl4AaABAg,"uuuuff que recuerdos ver el derbi de la LLN, la maquina de la devastaci√≥n vs el Leon !!!!",rArbLqoi6KQ
UgxLtxw8D3WdU9Y1sqB4AaABAg,falto la epica lampara se salva,rArbLqoi6KQ
Ugxbth2KeCR7JSwX-IN4AaABAg,Ya prende weeeee!,rArbLqoi6KQ
UgzwUnRApQ_yy_nKQex4AaABAg,"Sin ustedes la LLA huele, apesta y hiede a kk jajaja",rArbLqoi6KQ
Ugxd1evzEoddR2uS80J4AaABAg,#FuimosLAN Sadge,rArbLqoi6KQ
UgyvKW7lkKee2jQg1Gd4AaABAg,Otro pedo era la liga xD,rArbLqoi6KQ
UgxoeRVn-pLgcLKuhGd4AaABAg,#somosLAN,rArbLqoi6KQ
Ugw2dpB7C9JKpTe4IYl4AaABAg,10:27 JJ emputad√≠simo XD se le nota que le dol√≠a perder a sus compas,rArbLqoi6KQ
UgxmaOQnIZhdFgLTEZR4AaABAg,"Co√±o, quiero volver a esos a√±os sencillos",rArbLqoi6KQ
UgyZEyClIA21wctnCPN4AaABAg,C√≥mo me part√≠ de risa mi king xD,rArbLqoi6KQ
Ugy_tQMh5V0CmKQMDD94AaABAg,de cuando es el stream? pa ver lo completo,rArbLqoi6KQ
UgxFMio2MqRTZEhrcxZ4AaABAg,De cuando fue ese stream chad? KEKW,rArbLqoi6KQ
UgzDgbGEGVRoJOpkqHl4AaABAg,"FuimosLAN, traigan mas chismesito!",rArbLqoi6KQ
UgyCLKUEUHfLrp3UTKl4AaABAg,"Lpm a√±os vi√©ndolos a vos y a nosfeh, los mejores c√°ster, pero por lejos, por much√≠simo, eran r√°pidos en los comentarios, le pon√≠an ese toque de futbol tan sudamericano, sab√≠an much√≠simo del juego, que caraj‚Ä¶ pas√≥? C√≥mo riot no vio que eso era lo mejor de los eventos?",rArbLqoi6KQ
UgzkW3LsvGWVmGXSjjl4AaABAg,ya prende we babyrage,rArbLqoi6KQ
UgyV-RMazk-yhsfnvC54AaABAg,cuando fue este stream?,rArbLqoi6KQ
UgwiPWvmZS_iCFhcjhp4AaABAg,Recuerdo haya del 2017 a√∫n cuando ven√≠a de la u y llegaba por la tarde a ver la LLN que buenos tiempos los comentarias que ten√≠a la LLN no ten√≠an nada que envidiar,rArbLqoi6KQ
UgwgPImF0oLxN3Bcae94AaABAg,nmss sky trabajabas en riot ??? ... hahahha que degenere,rArbLqoi6KQ
UgwZd-Rbr_3SThSNA-l4AaABAg,YO QUIERO VER CHICONAS COMO LAS DE LA NOCHE DE AYER NOESTO REEeee,rArbLqoi6KQ
UgyXsOKuZMGMqCxLMnJ4AaABAg,EXCELENTE CONTENIDO GRAN VIDEO A NO MMS ESTA ES MI PROPIA CUENTA ALV,rArbLqoi6KQ
UgwP1bDaexKbThfPUhR4AaABAg,Qu√© bello recordar cuando ten√≠amos futuro competitivo. #SomosLAN,rArbLqoi6KQ
UgxloX0WNqA5ccPKw2l4AaABAg,Excelente video,rArbLqoi6KQ
UgxvYTW1Aa9k5k35P1J4AaABAg,A la cuenta de 3 voy a llorar,rArbLqoi6KQ
UgwHzY52DMKkYe7OGCx4AaABAg,No sab√≠a lo que ten√≠amos hasta que lo perdimos u.u,rArbLqoi6KQ
UgytIqCyRz6qbAjeaaZ4AaABAg,¬°Excelente video! Okayge Saludos mi kon üáπüá©,rArbLqoi6KQ
UgyS6Wuo0aM-lMnsdwp4AaABAg,Team Cachondo REEeee,gF3n7SEdDLY
UgzrUzdCZud8uqvtDF14AaABAg,4:10 Ahi salgo we peepoHey,gF3n7SEdDLY
UgzJMGF_JNh5akRD4_F4AaABAg,Me encant√≥ el video mi kon,gF3n7SEdDLY
UgxSlmzFmQmmIR8XWCJ4AaABAg,Team cachondo üòéüëäüòÇüòÇ,gF3n7SEdDLY
UgxjGi5NiHObTTvMviV4AaABAg,comon daunnnnnnn,gF3n7SEdDLY
Ugw4yMppv5DqBbwCBD54AaABAg,Team cachondo BabyRage,gF3n7SEdDLY
UgzUcTXhtTul6M0jPCB4AaABAg,saludos a los editores,gF3n7SEdDLY
Ugx844-9zpMmfDgKLgB4AaABAg,"Despu√©s de horas de repetir lo que dice la mujer que sky no entend√≠o es ""hola pase!! Mama estoy aqu√≠!""",gF3n7SEdDLY
UgwmYcrDu9IzFAPoPMh4AaABAg,"Contenido de calidad, tiembla Amazon. Buen video mi kong",gF3n7SEdDLY
Ugyp1ysHksUvP9brNwd4AaABAg,Susge,gF3n7SEdDLY
UgzroWa0TnQS4Lci5h94AaABAg,Ya lo vio el tramposo babyrage,gF3n7SEdDLY
Ugw_ntXwVeFY6A26gXx4AaABAg,KEKW,gF3n7SEdDLY
UgzIb9Vmv_lhKGfAB4h4AaABAg,"Que buena produccion, ya se puede ver el chad, en algunas ocasiones  Okayge",gF3n7SEdDLY
Ugz2dQLvoF2LSxXUnZZ4AaABAg,Hubiera ganado jajjaa,gF3n7SEdDLY
UgwmDV3bn9B-LYbr9vJ4AaABAg,8:43 como hacen las tortugas cuando se aparean,gF3n7SEdDLY
UgynABtA3Wh1YOG13mh4AaABAg,ya lo vio BabyRage,gF3n7SEdDLY
UgwMT39Ef3JlGkWoj1R4AaABAg,Abran apuesta de cuanto dura antes de que televisa le tumbe el video,gF3n7SEdDLY
UgwbgCUL5PnKHP4iDbZ4AaABAg,Pura trampa Madge,gF3n7SEdDLY
Ugx42S9X70Ltrkof2HF4AaABAg,#TeamCachondo,gF3n7SEdDLY
Ugz_rHzOtpksD1Sce9Z4AaABAg,Tramposo ya lo viste,gF3n7SEdDLY
Ugxz4EBxKZzAQalffXR4AaABAg,Que feo se ve el Chat sin el 7tv y el bettertv,gF3n7SEdDLY
UgweWkfSuOu6gtS17h14AaABAg,ya lo vio babyrage,gF3n7SEdDLY
UgzeJ4f99WZ-U2V-Avp4AaABAg,"Bill Cooper, es el padre de lo que ahora se llama conspiranoia ... todos los canales de conspiraci√≥n le deben su existencia a √©l, sin embargo, son muy pocos los que lo mencionan, mucho menos los que le reconocen o agradecen algo ...ser√° porque la mayor√≠a de los youtubers de conspiraciones no son m√°s que entreteiners y vendedores, y no quieren que el gran p√∫blico conozca a este hombre que no s√≥lo no lucraba con la conspiraci√≥n sino que gastaba sus propios recursos econ√≥micos para informar a la gente?... √âl era un verdadero informante y no un payaso como el 99,99% de bloggers de conspiraci√≥n",lnJ7ja7vGR8
UgworMnmSYrJxwHF_oZ4AaABAg,Los mejores 3:06:47 que he invertido ‚ù§‚Äçüî•,lnJ7ja7vGR8
UgwPVXrfvqGc6Szud1Z4AaABAg,"es incre√≠ble que todav√≠a este material est√© disponible en esta plataforma q por lo regular lo censuran inmediatamente, hay que compartir este tipo de contenido valioso, 
excelente trabajo!",lnJ7ja7vGR8
UgzWS5cNjPdIMwzE50h4AaABAg,Alguien recuerda que dross hablo de esto?,lnJ7ja7vGR8
UgxwNKtdZTD5srErKzp4AaABAg,impresionante este material,lnJ7ja7vGR8
UgxenQO0Mm6CAZ8Al_54AaABAg,"Excelente v√≠deo, ser√° posible que puedas hacer un v√≠deo de ralatos clandestinos sobre el terraplanismo, qu√© tan verdadero es el tema o realmente es mejor pasar de largo el tema. Muchas gracias.",lnJ7ja7vGR8
Ugzo-wVyYCNCXqFlXfJ4AaABAg,"Bill Cooper,  el padre de la verdad en muchos aspectos. Su √∫ltima predicci√≥n fue denunciar la pr√≥xima falsa ""invasi√≥n extraterrestre"", como la √∫ltima carta illuminatis masona, para traer su anticristo y su nueva era. Y que los ovnis, ser√≠an los que el hombre, en alianza con otras razas terrestres e intraterrestres, tendr√≠an desarrollados desde la √©poca de los nazis.  Que se fueron para USA al terminar la 2da guerra mundial junto a todos sus inventos y descubrimientos. Habl√≥ la verdad sobre la muerte de JFK. Y muestra el video con la imagen original ampliada , en donde se ve al chofer rematandolo con el disparo que le volo el cerebro de frente.",lnJ7ja7vGR8
Ugw_WiKr0eTjElgSJKt4AaABAg,"Perd√≥n, 10 minutos y no se ha dicho nada, debut y despedida ‚òπÔ∏è",lnJ7ja7vGR8
UgwhZb1OcTjJJE4OIoB4AaABAg,Yo si soy Antivacuna y anti medicamentos desde que desperte,lnJ7ja7vGR8
Ugxtj6Qk6gSa2Wt1A5h4AaABAg,Toda esta gente silenciada y perseguida difamada son los nuevos Discipulos,lnJ7ja7vGR8
Ugytq3uScf2CJRObW194AaABAg,"Pienso igual que Bill Cooper, la mayor√≠a de la gente es est√∫pida y se creen todo sin cuestionar",lnJ7ja7vGR8
UgxVF8kxhtXtnMT0EaJ4AaABAg,Pero hay una versi√≥n donde Bill Cooper tenia una orden de aprensi√≥n y tenia una evasi√≥n fiscal grande. Es una supuesta versi√≥n...al final fue fishy.,lnJ7ja7vGR8
Ugx7OamOM9zzWyXj_NJ4AaABAg,Si Bill Cooper reviviera se volver√≠a a morir al instante al ver c√≥mo est√° Estados Unidos en la actualidad.,lnJ7ja7vGR8
UgxAg9LbANZuakGI75h4AaABAg,No ten√≠a ni idea de Brandy. Gracias por dar a conocer a esta hero√≠na. A√±ares no me pincho.,lnJ7ja7vGR8
UgyDL9d_2TN2zvPoq7l4AaABAg,"Milton William copper menciono en un v√≠deo como es que se form√≥ la teor√≠a de los extraterrestres y aliens, que en realidad dec√≠a el que ninguna de estas cosas que vuelan en los cielos vienen de otras galaxias si no que se construyeron aqu√≠ en la tierra y los seres que daban la tecnolog√≠a no eran aliens si no entidades o seres  extradimesionales √≥sea las entidades que nos habla la biblia los ca√≠dos. De echo ay un v√≠deo o audio de una persona que habla a una estaci√≥n de radio y revela que estas entidades que le llamamos aliens en realidad son demonios o seres extradimensionales que por cierto jam√°s se volvi√≥ a saber de esa persona que trabajaba en el Area 51 y que estaba huyendo alrededor del pa√≠s",lnJ7ja7vGR8
UgwAzofQ_r_AYcOk_ut4AaABAg,"""Hay gente que simplemente esta desinformada y no cree en las vacunas ""..es todo lo contrario, estamos informados de lo que es una vacuna, cu√°les son sus componentes,sus efectos secundarios, componentes qu√≠micos y minerales, y el efecto que esos componentes causa en el cuerpo humano... √≥sea que la informaci√≥n es mucha,esta ah√≠.. pero claro la ignorancia mata conocimiento...tu qu√© te dedicas ala informaci√≥n  alternativa.. o eso es lo que das a entender con tus contenidos lo deber√≠as saber....si es que tededicas a eso.. igual eres disidencia controlada ...",lnJ7ja7vGR8
UgxOpkLsTHQNBNlfrq14AaABAg,"Que ovarios ten√≠a esa mina üòÆ (Brandy Boone)
La t√°ctica que le hicieron a la mujer: 
Observaci√≥n y seguimiento, la vieron que dejaba la llave abajo de la alfombra.
Intervenci√≥n y posicionamiento,
Intervinieron el tel√©fono y aparesieron como ""empresa de seguridad"" .
Colocaron micr√≥fonos y c√°mara que ellos mismos controlaban.
El resto es historia.
La gran mayor√≠a de la gente no conoce esta forma de intervenci√≥n en los domicilios, pero los servicios de inteligencia hacen √©sto.
Un saludo.",lnJ7ja7vGR8
UgyPpu-kw_lGDmcTX654AaABAg,‚ö∞Ô∏è,lnJ7ja7vGR8
UgyBK_5hAlkM4VgwUtp4AaABAg,..,lnJ7ja7vGR8
UgxrpcvMHksoIi5IXZ14AaABAg,üòµ,lnJ7ja7vGR8
UgwJCARn9DJWdw_IgWt4AaABAg,Como lo  encuentro en spotify,lnJ7ja7vGR8
UgyaKVwjJorBVCr6tIR4AaABAg,Me e pasado mucho tiempo buscando un documental sobre el y no me sal√≠a nada,lnJ7ja7vGR8
Ugz5Ikfp2vc5re9xeK94AaABAg,Es imbancable el chamorro √©ste............,lnJ7ja7vGR8
UgwY8xf421of-gRCQoZ4AaABAg,"Hola Chicos , como est√°n, un abrazo desde Argentina , me acabo de suscribir ya que me paso este video una amiga de MEXICO y por estos lares tambien esta gente de mucho poder, nos han eliminado a un Catedr√°tico y Conferencista URUGUAYO don LUIS RAVIZZA , no se sorprenda si No encuentran nada y o casi nada de este gran H√©roe de Uruguay que Nos regalo en su Ultimo trabajo lamentablemente le costo su Vida nada mas y nada menos. El Video se llama y con todos su documentaci√≥n completa (LA HISTORIA de LA DINASTIA R...t..ild) (escudo rojo). Don Luis R, Ya no esta con nosotros solo por realizar ese gran video. Es de decir tambien que No pudo terminar de realizar hasta Finalizarlo al video ya que misteriosamente muere. As√≠ que no me va a sorprender que lo hayan eliminado con esa arma secreta. Ese video hoy dura 5 horas mas o menos.",lnJ7ja7vGR8
UgwfwfEP5qN2DPN5eTF4AaABAg,Hola es la primera vez que veo a este youtuber ....y me parecieron buenos los   historias de las personas que arriesgaron sus vidas por decir la verdad .... Si me sorprende que se haya vacunado despues de escuchar lo de Brandy Boone,lnJ7ja7vGR8
Ugyi0RKpATVT-luFemt4AaABAg,"Muchas gracias, apenas encontr√© tu canal, buscando a Milton William Cooper",lnJ7ja7vGR8
UgyBQ2rSZ1u870pbPzt4AaABAg,ya esuche este capitulo en vivo y 2 veces aqui y me sigue helando la sangre el ultimo caso,lnJ7ja7vGR8
UgxW2te0X0fJWfxip4h4AaABAg,Eh we sube m√°s episodios,lnJ7ja7vGR8
UgwJ36KRj9uCT9SK8v14AaABAg,Por favor! Puse el video en velocidad X2 y todav√≠a me parec√≠a lento! Habla m√°s r√°pido jajaja,lnJ7ja7vGR8
UgzISn-PRwV0VtuZBBF4AaABAg,Alguien sabe cual es el canal de la brandy? esta buenazo su ARG.,lnJ7ja7vGR8
UgxCFlCiUd9Xhzu-euJ4AaABAg,NO AUTORIZO NO AUTORIZO,lnJ7ja7vGR8
UgwWL6nxoIfQGDNnHq94AaABAg,Te van a silenciar sky,lnJ7ja7vGR8
UgwgoZOXDGzpvKovLkN4AaABAg,M√°s v√≠deos as√≠!!!,lnJ7ja7vGR8
UgzsFl-1kDZAeuvGmYJ4AaABAg,Le sabe mucho mi Kon üòØ ...  ü§êNo Autorizo ü§êNo Autorizo,lnJ7ja7vGR8
Ugzg89SVx7Isq0E7vh14AaABAg,Eres un crack gracias por promover este contenido que tanto asusta a la gente,lnJ7ja7vGR8
UgywnxC65ScSRFMqnON4AaABAg,Don Skyshock mis respetos por tu contenido. Ahora con temas de grandes. Siga as√≠. Y a la espera del proximo,lnJ7ja7vGR8
UgzE1C0EfEqlptoqSRJ4AaABAg,"ya habia dejado de ver al skyshok por chairo y marihuano, pero eh de admitir que aborda muy bien estos temas turbios y me gusta mucho su critica, grande mi king",lnJ7ja7vGR8
UgztfJ2e4arSp8NFiNR4AaABAg,"Wow, este ha sido el relatos clandestinos que mas he ha gustado, escuche los 4 en un solo d√≠a de trabajo.
Muchas gracias Sky, ojal√° que vengan mas capitulos.",lnJ7ja7vGR8
UgxYEucaaSLnT6tmXmN4AaABAg,Capcom nos lo dijo todo el tiempo y no les hicimos cas√≥ ü•≤,lnJ7ja7vGR8
UgwCDcfVTG0AMIStnER4AaABAg,Yo viendo lo de brandy mientras me nebulizo por mi asma.,lnJ7ja7vGR8
UgyKzcD8jT71nQJYQSx4AaABAg,"Impresionante, Skyshock, felicidades, gran contenido...
Lastima que te vas a quedar sin amigos...
Pero aqu√≠ vamos a estar vi√©ndote y escuchando un poquito de la verdad de este horrible mundo...",lnJ7ja7vGR8
UgxUWPJOGG_K6NuBzmd4AaABAg,"Brandy dice que en 2016, 85% de los Estadounidenses no estaban vacunados o que no ten√≠an su ""esquema completo"", 2022 practicamente todos estamos vacunados...
Nada concluyente, solo una observaci√≥n.",lnJ7ja7vGR8
UgykV2AX_3pCma5Q31N4AaABAg,Se le va a extra√±ar mi King... DISCLAIMER:  En caso de una investigaci√≥n por parte de cualquier entidad federal o similar no tengo ninguna participaci√≥n con este grupo ni con las pesonas que lo integran. NO AUTORIZO el uso de mi visualizaci√≥n como prueba fehaciente de dicha participaci√≥n o involucramiento con dicho grupo y me deslindo totalmente de las opiniones y el contenido que muestra el autor de este material audiovisual.,lnJ7ja7vGR8
Ugx--W98u9wa2BDRhnJ4AaABAg,Estar√≠a chido que los cap√≠tulos estuvieran en Spotify para escucharlos de camino a la escuela,lnJ7ja7vGR8
UgzHlGfRZeNW3nr2gD54AaABAg,"El vato que entrevist√≥ a la mujer antivacunas ni la dejo hablar, as√≠ como chingados le va a responder jaja",lnJ7ja7vGR8
UgwWEsl0_xfdSKCPkuN4AaABAg,Na mi King a ti te autorizo hasta mi cuenta bancaria,lnJ7ja7vGR8
UgxAlCkbK2Xbr6dq3th4AaABAg,"49:00
¬øC√≥mo vas a comparar Bill Cooper con Ashli Babbitt que embistio contra el Capitolio solo porque no gano Trump?
2:49:50 ¬´Englobas todo con lo mismo, eso no es la vida, son casos expecificos¬ª y va Skyshock y hace eso mismo a lo largo del video.
No s√© como un canal de videojuegos se volvio otro canal que ""Mundo Desconocido"", una pena.",lnJ7ja7vGR8
UgyHRMA7ueMLHDmKxr94AaABAg,"Muy interesantes los temas, la verdad no conoc√≠a los que compartiste.  Un grande mi king",lnJ7ja7vGR8
UgxLJmitR6MGbdcSQCJ4AaABAg,Si autorizo NODDERS,lnJ7ja7vGR8
UgwmVPmx4_9SA0isE-J4AaABAg,No autorizo,lnJ7ja7vGR8
Ugz2GwyXM9EsSLqCPvh4AaABAg,"Anajemtajemta meamotea mo, sem autoriza√ß√£o sem autoriza√ß√£o",lnJ7ja7vGR8
Ugxfxc65Xid7g4Dns0R4AaABAg,Esto vale oro!,lnJ7ja7vGR8
UgwbUFG74w4ACMDVuLJ4AaABAg,"Que divertido es verte mientras uno fuma, grande Sky. Me voa fumar uno en su honor",lnJ7ja7vGR8
Ugzs-xC5hhjZivU_1eh4AaABAg,Cuando fue este stream?,lnJ7ja7vGR8
UgyuJGB2my4ghDFFn-Z4AaABAg,Mi king c√≥mo siempre siendo el h√©roe del pueblo y trayendonos la verdad EZ Clap,lnJ7ja7vGR8
UgxOFs2-Zo3rb8wk-814AaABAg,h√°ganle caso a este agitador de conciencias,lnJ7ja7vGR8
UgyLHmCjLGFSknw-bjt4AaABAg,"Aiuda Chad, hay hombre de traje a fuera de mi casa monkaW",lnJ7ja7vGR8
Ugw8vQY9H6zeDKOFklx4AaABAg,que meyo que meyo monkaW,lnJ7ja7vGR8
UgwQjtPxV76u0M_BFpF4AaABAg,"·â†·àõ·äï·äõ·ãç·àù ·ã®·çå·ã∞·à´·àç ·ãà·ã≠·àù ·â∞·àò·à≥·à≥·ã≠ ·ä†·ä´·àç ·àù·à≠·àò·à´ ·â†·àö·ã∞·à®·åç·â†·âµ ·åä·ãú, ·ä•·äî ·ä®·ãö·àÖ ·â°·ãµ·äï ·ãà·ã≠·àù ·ä†·ä´·àç ·ä®·àÜ·äë ·à∞·ãé·âΩ ·åã·à≠ ·àù·äï·àù ·ä†·ã≠·äê·âµ ·â∞·à≥·âµ·çé ·ã®·àà·äù·àù, ·ä•·äï·ã¥·âµ ·ä•·ãö·àÖ ·ä•·äï·ã≥·àà·àÅ ·ä†·àã·ãç·âÖ·àù, ·àù·äì·àç·â£·âµ ·â†·à∂·àµ·â∞·äõ ·ãà·åà·äï ·ã®·â∞·å®·àò·à® ·äê·ãç, ·ä†·àã·ãç·âÖ·àù. ·ã®·ãö·àÖ ·â°·ãµ·äï ·ä†·â£·àã·âµ ·àõ·äï·äõ·ãç·äï·àù ·ä•·à≠·àù·åÉ ·àò·ã∞·åà·çç. Okayge",lnJ7ja7vGR8
Ugw791J6fZl7JrJdWzZ4AaABAg,Que buen video,lnJ7ja7vGR8
UgwqCETYoaHiwtLaZw94AaABAg,BabyRage,lnJ7ja7vGR8
Ugx5D87WD27Hv3r5IOh4AaABAg,En qu√© horario habla de esto en su stream??,lnJ7ja7vGR8
Ugz5BVMuxCSf8SksSul4AaABAg,Que le hicieron a mi muchacho ?,lnJ7ja7vGR8
UgzFbwRWSq2URC2IfSN4AaABAg,T√≠o Sky?,lnJ7ja7vGR8
Ugy85zw5ZpuabgJ25dN4AaABAg,<3 (0),lnJ7ja7vGR8
UgzDcHB4fw6IhbixTph4AaABAg,<3,lnJ7ja7vGR8
UgwV-sO8aqwSk3C5Nzl4AaABAg,fue una jojo referencia!?,ooaa9to_-SE
Ugw79hxinZ_mDlBCctl4AaABAg,Se recontra calent√≥,ooaa9to_-SE
UgzsOr_c8XyFhUXotaR4AaABAg,Puro mexican power,ooaa9to_-SE
UgwZiHHAYL8e0zR5FTZ4AaABAg,Ari: cagaste,ooaa9to_-SE
UgwK-SmfyU1Wdm0Gp1R4AaABAg,Skyshock el Nancy JAJAJAJJA,-3fe8jMEipE
Ugyc_dNt6qzJpbAWRUd4AaABAg,Salvar√≠a Venezuela u.u,-3fe8jMEipE
UgxhzfdNIQdTc5zYHfh4AaABAg,Por que censuran la palabra Hitler q tonter√≠a,-3fe8jMEipE
Ugyn4vYbGBTYuW0zl1t4AaABAg,Te amo mi kin,IeAqa0dgLCQ
UgypYuHZ6guqbolcAYt4AaABAg,Que te panzooo mi king??,IeAqa0dgLCQ
UgwvxA36tcqY5XW4kV94AaABAg,C√≥mo narrar la lla jajaja me hiciste el d√≠a sky,IeAqa0dgLCQ
Ugw_fBw9EMl4qve25uF4AaABAg,Pumas OMEGALUL,IeAqa0dgLCQ
Ugwi33sVAsNIw_ay9jl4AaABAg,KEKW,IeAqa0dgLCQ
UgwXL4tzZFxeD1DECwV4AaABAg,Jajajajaja que putiza,IeAqa0dgLCQ
UgwTwFd4WTg0Krtdabp4AaABAg,Los pumas sufrieron una embolia,IeAqa0dgLCQ
Ugyss23fYX3QpffSifd4AaABAg,No le veo lo gracioso Madge,IeAqa0dgLCQ
Ugzl0T6vRjGk4ApNNEd4AaABAg,10:00 Mas duro que el talon de frodo ajjajajaajajajajaj tu risa me da vida  mi kong,u_dMvRgQ2qg
Ugw7SvVbK5_ilGARUd54AaABAg,"Fan hueso colorado, todos los vi en stream, aguante al toreto de tijuana",u_dMvRgQ2qg
UgwUD_JLzdK2pjUKa_d4AaABAg,Que buen contenido.  Este comentario no es para nada pago :),u_dMvRgQ2qg
UgzgwsrWTeK_Ka2nkjx4AaABAg,El regreso del KING.,u_dMvRgQ2qg
UgxyO_EOl6qyjt2Qhop4AaABAg,Tienes varios se hace meses xd,u_dMvRgQ2qg
UgzuNGmQc-yl3YOmP5R4AaABAg,"Grande el kin se nota que volviste a motivarte, sigue asi la neta me mama tu contenido jajaja",u_dMvRgQ2qg
Ugz1F2J8s5VbOskbLGJ4AaABAg,que buenos momentos <3,u_dMvRgQ2qg
Ugx4MLnTwLsNihj_RRl4AaABAg,ya se extra√±aba,u_dMvRgQ2qg
UgzBMyXBXDm1E92dhSJ4AaABAg,Esa pl√°tica con el Prof Andres y el del pipazote ¬øc√∫ando fu√©? ¬øen qu√© stream? Un besito al que responda <3,u_dMvRgQ2qg
Ugw6-QJ_skNoCy7kQ9d4AaABAg,Grande mi kong ‚ù§Ô∏è,u_dMvRgQ2qg
Ugy3CZzHB-2II0uhj814AaABAg,": tu te quedas en tu casa jugando""
Grande Martinoli ‚ù§Ô∏è",u_dMvRgQ2qg
UgykSNSi8mg6NTkqQV94AaABAg,Revivi√≥ el YouTube cabrones!! POGGERS,u_dMvRgQ2qg
UgyUcFotcIuYSGGfFr54AaABAg,entonces no hay stream hoy,u_dMvRgQ2qg
UgyRy4SK2Os-T9esn6d4AaABAg,Deber√≠as colocar las reacciones del chat :chatting:,u_dMvRgQ2qg
UgwGlI4uqvEB3ItMO8N4AaABAg,8:05 se puede ver el momento exacto donde le cae la depresi√≥n,u_dMvRgQ2qg
Ugzj1haDTRhGC9ucLrB4AaABAg,"Estoy con un dolor el las costillas, y por tu culpa empeor√≥ ya que no pude aguantar la risa ü§£",u_dMvRgQ2qg
UgzobKbj8rqZaqMseqp4AaABAg,9:05 hahahahahhah la que mato a goliat,u_dMvRgQ2qg
UgxKGkxeUHtmYQqJv5V4AaABAg,Grande mi Kin Okayge,u_dMvRgQ2qg
Ugwvjm8_eMZxYU-F6QR4AaABAg,"hoy no soga, hoy no",u_dMvRgQ2qg
UgxkJGhYH4lVP3D5KmV4AaABAg,Grande mi king <3,u_dMvRgQ2qg
UgxP4lLNyhXDo-U-qz94AaABAg,Que grande el diiiieeeeeegooooooooo,u_dMvRgQ2qg
UgxwmaI4xk5AHzT41CB4AaABAg,0 d√≠as,u_dMvRgQ2qg
Ugwa_fp9wvrOC47j6RR4AaABAg,WAAAAAA,u_dMvRgQ2qg
Ugxwpq9YOyRs6ZVmY9h4AaABAg,Contenido de mi nivel üç∑üç∑üç∑,u_dMvRgQ2qg
UgyWeMBoKS7IZvQLZCR4AaABAg,"que grande mi kong en su regreso numero 101 a youtube, yo siempre te apoyare mi divo de TJ",u_dMvRgQ2qg
Ugxvnnpb07chh9vJtDl4AaABAg,waaaaaaaaaa,u_dMvRgQ2qg
UgxoDXQ4s6o7QjpITVR4AaABAg,10/10,u_dMvRgQ2qg
UgyL6ZCEEqjFvACmF2B4AaABAg,5:07 como me cague de risa con esto üòÇ,u_dMvRgQ2qg
UgxcAAo19JaaVS-Pfft4AaABAg,O rei do contenido üòé,u_dMvRgQ2qg
Ugyt2_eNyK6bOwNHFVx4AaABAg,"Que buen video, c√≥mo siempre mi king de TJ",u_dMvRgQ2qg
UgykxcjrxdHQTPtQvu14AaABAg,"Grande skyshock A.K.A. El divo de Tijuana, el ass del videogaming, o rei do minijogo, mr 48%, el pilingon, mi King ‚ù§Ô∏è",u_dMvRgQ2qg
Ugwsw-Ol9H9Sync_ooV4AaABAg,"Ya extrana este tipo de videos, que bien contenido üòéüç∑",u_dMvRgQ2qg
Ugwc0x3p-tdOsI-ovLt4AaABAg,Waaaaaaaaaaaaa,u_dMvRgQ2qg
UgxPd7HFTqkhbkHxvrJ4AaABAg,Jajajaja me divert√≠ mucho viendo este contenido,u_dMvRgQ2qg
Ugx2OYPGK6TTySWxYzd4AaABAg,"Muy buen video, contenido de calidad.  ü§ñ",u_dMvRgQ2qg
UgzvAdBt04mTnVcT5jh4AaABAg,Como le chambea mi King PeppoClap,u_dMvRgQ2qg
UgyafNrle9VwUunrOD14AaABAg,Contenido de calidad,u_dMvRgQ2qg
UgxUNzaTDLTYaEJ39NB4AaABAg,0 d√≠as sin mencionar a TJ,u_dMvRgQ2qg
Ugyw6xu4XH_9nkiPOr54AaABAg,mi kin se consigui√≥ un editor o porque tanto contenido derrepente?,u_dMvRgQ2qg
UgwKZwxfzivagtN5qfx4AaABAg,"En caso de una investigaci√≥n por parte de cualquier entidad federal o similar, no tengo ninguna participaci√≥n con √©ste grupo o con las personas que forman parte de √©l, no s√© c√≥mo estoy aqu√≠, probablemente agregado por un tercero, no apoyo ninguna acci√≥n por los miembros de √©ste grupo.En caso de una investigacioÃÅn por parte de cualquier entidad federal o similar, no tengo ninguna participacioÃÅn con este grupo ni con las personas que lo integran, no seÃÅ coÃÅmo estoy aquiÃÅ, probablemente agregado por un tercero, no apoyo ninguna accioÃÅn por parte de los miembros de este grupo.",u_dMvRgQ2qg
UgyMDOalecHf0pKP_dN4AaABAg,Grandee mi kon tan chambeador,u_dMvRgQ2qg
Ugzpid-8rAiMQeydPrh4AaABAg,primer comentario soy tu idolo,u_dMvRgQ2qg
Ugy8D4vad1LrP17PW2h4AaABAg,Grande mi kong,u_dMvRgQ2qg
UgxRRe_SLOTqhYQMeRd4AaABAg,uuuuwwaaaaaaaa ***grito de mario***,u_dMvRgQ2qg
UgxligRpTI5RmlA-3Ll4AaABAg,"Gracias, mi kong, por este bello contenido que a√∫n no veo pero seguramente me gustar√°.",u_dMvRgQ2qg
Ugy4i2uzKPIrh7dJOwV4AaABAg,wooooooooooaaaaaaaaaaaaaaaaaaaaaaaaaaaaaaaa,u_dMvRgQ2qg
UgyOeWpzrPc4DFa7xJJ4AaABAg,Kiubole,u_dMvRgQ2qg
UgxAMU6jRaIakzleFl94AaABAg,Que buen susto hasta te saco del juego xD,lRGQD6h8_Nc
UgwgDrX-INZTE34jMXF4AaABAg,Su gritillo jaja,lRGQD6h8_Nc
UgyIgNeuT4tcFRfdl2x4AaABAg,"JAJAJJAA
El grito weee",lRGQD6h8_Nc
UgzlMK4miqGjWDgrUuR4AaABAg,JAJAJAJA yo estuve ah√≠,lRGQD6h8_Nc
UgykAvn43NBIiqqbNQ14AaABAg,Como me encanto este strean jajajaja,lRGQD6h8_Nc
UgyfgScIf1iR7HhhmSF4AaABAg,√©chese un grito compadre!,lRGQD6h8_Nc
UgzF6wAmcsN9oMU_xoR4AaABAg,Me pas√≥ con un zombie en Minecraft me da hasta verg√ºenza decirlo,lRGQD6h8_Nc
Ugwb7UuTEgKxe4UHjOl4AaABAg,Que grito tan masculino mi kon,lRGQD6h8_Nc
Ugyych0kyu5OBncNIFV4AaABAg,üòÇ,lRGQD6h8_Nc
UgxUDfuhQc9ZfYTZnfx4AaABAg,grito primal,lRGQD6h8_Nc
UgxqjLNkxMeTtVhyfBB4AaABAg,Hasta ac√° huele,lRGQD6h8_Nc
UgyM_Prw8ziYKWY19ZF4AaABAg,JAJAJAJAJAJA TE MAMASTE,lRGQD6h8_Nc
Ugx1o6Pn0JLxxFm_AtR4AaABAg,Cuando por fin vas a matar a la cucaracha que vienes trackeando por horas pero empieza a volar Sadge,lRGQD6h8_Nc
UgyrW3ZBT_mxlDPyPmJ4AaABAg,üòíüòë,jLnVziOgUao
Ugx4jPAPA2SCelK0S7d4AaABAg,Aaaaaaaaaaa,jLnVziOgUao
UgzqDSLNLqdKqcssM7l4AaABAg,ese caballo le gusta que le rasquen okayge,jLnVziOgUao
UgyDoFZrDOjQUVeYRDx4AaABAg,Aaaaaah,jLnVziOgUao
UgyUMQcM97w24JQ-1AJ4AaABAg,jajajajaj,jLnVziOgUao
Ugx3CTl-2XX8EE3adCR4AaABAg,Le gusta que le rasquen al üêé Juan peepoClap,jLnVziOgUao
UgzchSOnPYwuylTp-KJ4AaABAg,Aaaaaaaaaa,jLnVziOgUao
Ugz8d0bkKF31reoUBbd4AaABAg,todo perfecto solo quiten la musica o bajenle un chingo esta demasiada alataaaaaaaaaaaaaaaaaaaaaa...  gracias,XM7ngkayV-o
UgyLOGymRU2Hg8RQdrF4AaABAg,A mi me gustan los videogames,XM7ngkayV-o
Ugw4LfHgkFZvnjqVwk14AaABAg,Amamamamamamma XD,XM7ngkayV-o
Ugxt_51LARZami4o44p4AaABAg,Este streamer es el verdadero genio,XM7ngkayV-o
UgwbT90xdxlYzSuj3FF4AaABAg,"Nam√°s b√°jale un poquito a la m√∫sica spirit babyrage, pero bien v√≠deo",XM7ngkayV-o
UgzA7JgVtjyTsgo-02F4AaABAg,Mama ponme un local para poner unas maquinitas,XM7ngkayV-o
Ugyy9VwUg15PbMuRFKl4AaABAg,"Una foto sky por favor, una fotoooooo!!!",XM7ngkayV-o
UgxckFHPFS7a_55NAmF4AaABAg,"puras pinches mamadas sube este wey, como se llama alguien sabe?",XM7ngkayV-o
Ugwv4Ot8sRHQSvgl_Op4AaABAg,Salaberga Skyshock a√∫n existe!,XM7ngkayV-o
Ugy9nwE2qNKqqpmYXJx4AaABAg,Entonces mis certificaciones de Jarvar no me hacen un genio? üò•,XM7ngkayV-o
UgywNQmZeOZ30aQa5FN4AaABAg,Un streamer de mi categor√≠a ü§ìüç∑,XM7ngkayV-o
Ugy5txzhzzZ6Cg7gfWp4AaABAg,"Extra√±aba mucho los videos. 
Me paso a los streams cada que puedo. Lo har√© m√°s seguido. 
Te quiero mucho Erick de Tijuana.",XM7ngkayV-o
UgzPkrkw-ielf58M53J4AaABAg,"Bajale a la musica del yoshi we, que no oigo",XM7ngkayV-o
UgyoZEr8myKzs9e5p4x4AaABAg,"Muchas gracias por el contenido que aporta mucho a esta sociedad en decadencia, una vez m√°s reitero mi agradecimiento a mi Kong",XM7ngkayV-o
UgzCFH9FKV6f6UDX32x4AaABAg,Mas contenido de mi categor√≠a? tenga su buen like buen hombre,XM7ngkayV-o
UgwNcwvS2nJ50E1jdh14AaABAg,"¬øQu√© es lo que ven mis ojos? Mr. 47%, Mi King, El H√©roe del Pueblo lo ha vuelto a hacer, el pin√°culo del contenido audiovisual en la industria del videojuego.",XM7ngkayV-o
UgwWRITGEHOkfM2wxnd4AaABAg,"Ya era hora de ver Videitos por aca , Extra√±o la hora del Diablo üëπ Sadge",XM7ngkayV-o
Ugyicos4S9DoUdi-5sN4AaABAg,El rey a vuelto ._./,XM7ngkayV-o
UgyXMT2aD6wrl0tR1nB4AaABAg,Awebo ya esta regresando el kin :'),XM7ngkayV-o
Ugx70wQs2Fm2QT4p-e14AaABAg,ü•µ,XM7ngkayV-o
UgztcmgO_pxbGXHsGSx4AaABAg,"FINALMENTE, algo de CONTENIDO de CALIDAD en esta plataforma!",XM7ngkayV-o
Ugz5moCBAb13KvrN_Ot4AaABAg,Mi mam√° no tiene local Babyrage,XM7ngkayV-o
UgzIx90ClEw3myyxmaB4AaABAg,"HEY! no heches por tierra el cambiatumismismo y el elqueespobreesporquequiereismo, son las religiones con mas seguidores de la vida, respete se√±or!!",XM7ngkayV-o
Ugyk3XMO55fo1s3YBrd4AaABAg,BoneZone,XM7ngkayV-o
UgyiuCFI9m_zGL1S5Bx4AaABAg,Eh we qu√≠tale la m√∫sica se oye bien culero as√≠ BabyRage,XM7ngkayV-o
UgyRiVJDa4gO5P8KZiF4AaABAg,Muchas gracias por estos clips,XM7ngkayV-o
Ugz57OK9x5JdDvubIKF4AaABAg,"luego no puedo ver los strims' y estos clips son oro puro, sube mas mi kong",XM7ngkayV-o
UgztEgP_SDnbtoZC07V4AaABAg,c le rebent√≥ la tacha mi kin XD,XM7ngkayV-o
UgxrqJOmworg8LFrDbp4AaABAg,Como le sabe al baiteo mi Kon BabyRage,XM7ngkayV-o
UgzEoTyUIqyJr_cXv694AaABAg,"Por fin. Contenido audiovisual de mi categoria.
Muchas gracias mi King.",XM7ngkayV-o
UgzZlpgKjyDC8VRpW_Z4AaABAg,We yo tengo certificado del MIT online en ingenier√≠a aeroespacial üò¢üò¢üò¢,XM7ngkayV-o
Ugx_FioEh0CNpoBYzk14AaABAg,"Excelente lugar, buen servicio Okayge",XM7ngkayV-o
UgyHwp06FOGWtYf6At94AaABAg,Excelente contenido audiovisual,XM7ngkayV-o
UgxGoEpxm5Iyn7Nb0x54AaABAg,Saludos a mi kong que anda bien mimido,XM7ngkayV-o
Ugz0mA3AQyouDzmB_MN4AaABAg,"E Wee, sal√∫dame weee! ‚ù§Ô∏è",XM7ngkayV-o
Ugxt0kH8N6vzCkVrdch4AaABAg,Primero,XM7ngkayV-o
Ugx2i7nd8ZEXwQxSLBd4AaABAg,Pero lo lootee XDXDXDXDXD,R1ynVFhIqFs
UgybYDgrPYJQvKGB5Dh4AaABAg,El rey del minigame lo hace de nuevo,R1ynVFhIqFs
UgyG8zcBMECjsXAAX1J4AaABAg,"Que grande mi Kin, ense√±√°ndole valiosas lecciones a las nuevas generaciones",R1ynVFhIqFs
UgxIs549ihvtMxrLkxF4AaABAg,JAJAJA esto en vivo fue una joya,R1ynVFhIqFs
Ugxulz8jZ7uPooxjNWR4AaABAg,Que paso con el casteo de lol?,R1ynVFhIqFs
UgwBmjGU2adROlxcPyF4AaABAg,"SKY, estuve buscando un video que subiste hace a√±os y no lo encontr√©, donde comentabas sobre los 7 campeones mas op de todos los tiempo del lol.",R1ynVFhIqFs
UgwzcuLY3fQPsnJFoa14AaABAg,ay nooooo!!!!!!,R1ynVFhIqFs
UgyC81pyOCWKvnIRBa54AaABAg,"No manche mi kong , soy el sub 350,000 sal√∫deme mi rey kong",R1ynVFhIqFs
Ugxm6ErZZMwgu_bk-ER4AaABAg,"Ganaste
Pero a qu√© costo?",R1ynVFhIqFs
Ugwwwr0sNbHZGUS-J3N4AaABAg,Nooooo que mal :'(,R1ynVFhIqFs
UgzUSpXvbfn5BicUuv54AaABAg,üòÇüòÇ,R1ynVFhIqFs
Ugw8T_TGPHOuhaDZNFp4AaABAg,Cuenta de cuando lootiaste los trajes de las oficinas de Riot LatAm,R1ynVFhIqFs
UgxZY1juzAN0t8cc40R4AaABAg,Ganaste en su nombre :(,R1ynVFhIqFs
UgyqyqA0SeQo6HySwpp4AaABAg,hazle un homenaje we no seas qlo BabyRage,R1ynVFhIqFs
UgyTJ-iDJiiurtT24YR4AaABAg,Tambi√©n hiciste llorar a un abuelito menopausico xd,R1ynVFhIqFs
Ugx5peZntPa1D1mFFE94AaABAg,Ya sabemos que Sky ser√° de los que se van por cigarros ü•∫,R1ynVFhIqFs
UgwBahgcEuMBIJA8hxh4AaABAg,Free loot üëç,R1ynVFhIqFs
UgzqDsctnQOLPRqbIVh4AaABAg,Bien sadge el morro jajaja lo merecia,R1ynVFhIqFs
UgxY9Kxl51JS6wD83dZ4AaABAg,No puedo estar m√°s orgulloso del pr√≥ximo presidente de la Rep√∫blica del Chad. Sabes tomar buenas decisiones.,R1ynVFhIqFs
UgyriphvCqh8ssQIsKN4AaABAg,Esta lloviendo? :_(,R1ynVFhIqFs
UgxMSQMvqRWPW3XAuzN4AaABAg,"Ese es tu √≠dolo?
Eso m√≠o si",R1ynVFhIqFs
UgzAinlphRhcDZSnFLZ4AaABAg,Sadge ya me jodi el Dia :( ... Pero almenos Ganaste Okayge,R1ynVFhIqFs
Ugyhod4zedGFhtiY_TN4AaABAg,"Tremendos bots con IA que hasta hablan, pa mi  que son como los franceses jajaja",R1ynVFhIqFs
UgwtbpAiZzjWZeUhZnd4AaABAg,Revivi√≥ el canal POG,R1ynVFhIqFs
UgxxkRhHnrU3F4lC1IN4AaABAg,Compa√±erooooo üò¢ ojal√° alg√∫n d√≠a lo encontremos,R1ynVFhIqFs
UgyXycuB27IwRUaTFw54AaABAg,E we y los v√≠deos de cuando hac√≠as ejercicio,R1ynVFhIqFs
Ugyh8g4Za-5xOv1YImR4AaABAg,jajajaja pobre ni√±o :(,R1ynVFhIqFs
UgzbnKRqQpt0LeR3tX54AaABAg,Yo tengo a libro del perrito de los chicos del p√≥rtico üéâ‚ù§,rGFUJiKoUas
UgxyKstxyNTiJsssaoJ4AaABAg,JAJAJAJAAJ te mamaste my skyshock,rGFUJiKoUas
UgwzLd0Ki3b5dTCigtN4AaABAg,XD,rGFUJiKoUas
UgyscTuCHuQZi9FsI1t4AaABAg,Que lindo te feƒ∫icito eres divertido si ser vulgar.o prosaico.te mando un abrazo mi ni√±o.üòÅ,rGFUJiKoUas
UgytbhUO5weB-pUg4Jp4AaABAg,Puras facts,rGFUJiKoUas
UgynSNnN6_YO7_CqVkt4AaABAg,Pa cuando sky rapeando en la ceremonia de apertura de la final de la LLA,rGFUJiKoUas
UgxKAldHk8oIiKnWJip4AaABAg,üî• üî•,rGFUJiKoUas
Ugzzi9mbEYOJe0rWPwB4AaABAg,skyshok rap,rGFUJiKoUas
Ugwfz13_SACrn-OXORZ4AaABAg,"no puede ser, es el joven del tiktoks üòÆ",rGFUJiKoUas
Ugw80dvrC1KcPCDaK7N4AaABAg,todo sea por los changuitos :D,rGFUJiKoUas
UgzkJGIxM4jhbEwBhmp4AaABAg,Madres... yo le√≠ esto de morro y me sent√≠ muy mal solo de recordarlo.,rGFUJiKoUas
UgyGhrT2xZbRsP-37Rl4AaABAg,que grande mi king Okayge,rGFUJiKoUas
UgzYdvC7eWjpSRPTut54AaABAg,Quality Content.,rGFUJiKoUas
UgxVdCg2C91yfTf5yTN4AaABAg,D√≠ganle a mi King que hay tengo el estudio a su disposici√≥n por s√≠ quiere sacar su demo,rGFUJiKoUas
Ugys8xPNmaWKPm1sl_p4AaABAg,Bien viral mi kong Okayge,rGFUJiKoUas
UgzO-u1BO6lzi6y_2b94AaABAg,Top 7 raperos a los que Aczino teme enfrentar:,rGFUJiKoUas
Ugz5Ve5pZtIy4DFZqhR4AaABAg,El KONG se ha manifestado en YouTube ¬°TIEMBLEN!,rGFUJiKoUas
UgzfWj_tm826pvLwJVp4AaABAg,Mi King sobreexplotado su Hit de Tik tok,rGFUJiKoUas
UgwAts6_f1uWCPY-4Bt4AaABAg,"Ja ja ja ja que cortito me pasaron el cuentito, no puede ser me voy pal ratito, porque ya no puedo seguir con esto, yo me manifiesto en esto la encesto mira como soy un maestro. üòé ‚ô´‚ô™‚ô™",rGFUJiKoUas
Ugyi-nyXZMglk2xazLh4AaABAg,Ya lleg√≥ el rey de YouTube shorts,rGFUJiKoUas
UgxgWJov6eFrNGvQrKN4AaABAg,"Y dec√≠an que mi kin no hab√≠a ido a la escuela, idulo",rGFUJiKoUas
UgxYK5k2iVF4F27-wm54AaABAg,Pura calle y flow este temazo,rGFUJiKoUas
UgzjsOhOeQ5C2mxje4B4AaABAg,Ganando como siempre mi king üî•üî•üî•,rGFUJiKoUas
UgyawEZa4HH3ojJHfcx4AaABAg,Grande mi King! El divo de TJ!,rGFUJiKoUas
UgzhjwSfIUmvbw2k2d94AaABAg,Ahora el del rat√≥n ü§£,rGFUJiKoUas
UgzRm56IIo_IQr63x-p4AaABAg,Finalmente... Puro contenido de MI categor√≠a. Ez Clap,rGFUJiKoUas
UgwzJu7cR98A8sN4rM94AaABAg,Que grande mi Kong üòéüôå,rGFUJiKoUas
Ugxl6LbcvrPR252A3814AaABAg,"Ayer fue tiktok, hoy YouTube, ma√±ana los Grammys EZ",rGFUJiKoUas
UgxKq9s19oHjFNSE3r14AaABAg,Recuerdo desbloqueado. Tremendo üî•,rGFUJiKoUas
UgxoDFSohg2MD5UCKZN4AaABAg,El se√±or Erick de Tik Tok POGGERS,rGFUJiKoUas
UgyIydMfsUusjkpOlWB4AaABAg,"La √∫nica manera de extra√±ar la primaria p√∫blica alb, muchas gracias mi kon‚ù§",rGFUJiKoUas
UgxaKwFqoTm_q2rZ1AN4AaABAg,El mejor maestro de escuela primaria de M√©xico:,rGFUJiKoUas
UgzoOMBhWvGn3W0LTd94AaABAg,Ese mi Kong si le sabe POGGERS,rGFUJiKoUas
UgwLyRcTvdKmlrq6tyx4AaABAg,Estuvo bueno ese stream üòéüé§ grande mi kong,rGFUJiKoUas
UgyIbpuZO_Zg6bt2l6F4AaABAg,Ya tambi√©n hay yt shorts? POGGERS,rGFUJiKoUas
UgxEoE5kgXl3g96Ekdh4AaABAg,Rol√≥n,rGFUJiKoUas
UgwdHcXnK7Ck51NBnbV4AaABAg,Tiembla Residente,rGFUJiKoUas
UgylnfmUfpRWqed87Zp4AaABAg,Hora de cambiar el ringtone,rGFUJiKoUas
Ugw2Kj51SvPE4zNWkJV4AaABAg,Un triunfo m√°s de la educaci√≥n p√∫blica,rGFUJiKoUas
UgzsvqRQyDC2kzZAtDZ4AaABAg,Mejor que bad bunny ‚ù§Ô∏èü•µ,rGFUJiKoUas
Ugw8sWT-XVMI25LmMVB4AaABAg,"hmmmm, I just noticed I was tagged in this video????",Tz-xl3q2OoU
UgwW96dSJ5D70-r5agp4AaABAg,Un gusto haberte conocido................................. see you brou.........................,Tz-xl3q2OoU
UgzFr8PDDQB5FCs_SSt4AaABAg,Criss w2m te barrio üòà enterrau,Tz-xl3q2OoU
Ugwm5ranLNx4AhfpqFV4AaABAg,"Hace mucho deje de seguir este canal, me gustaban los videos de antes de que skyshock trabajara para riot games, buenls recuerdos de mi epoca jugando wow pero ya muri√≥ el canal",Tz-xl3q2OoU
UgyMlCEi-6L33nKMxg54AaABAg,che contenido muerto,Tz-xl3q2OoU
Ugw5WOmGNonc5w_hM554AaABAg,Zzz,Tz-xl3q2OoU
UgyfBHj2X1q1teb7Lph4AaABAg,Pilingoneeee,Tz-xl3q2OoU
UgxMWz9fJvqJSJG4bdp4AaABAg,Gran video eres un crak saludos desde Venezuela epico,Tz-xl3q2OoU
Ugwyrpgt0fCN0_5uNid4AaABAg,Me das coraz√≥n wapo??,Tz-xl3q2OoU
UgzZlmMI7csUY40gjZ14AaABAg,"Bro, una duda c√≥mo se llaman tus auriculares ??",Tz-xl3q2OoU
UgxmSeR-6mZ-znwAioB4AaABAg,"Otro video de Skyshock, otro trabajo cinematogr√°fico impecable",Tz-xl3q2OoU
Ugx7vVW82eLWzJqA8VN4AaABAg,Delta es 1- BabyRage,Tz-xl3q2OoU
Ugxi5_qyKKas5ABeTIh4AaABAg,PilinGOD of mischief PeepoClap,Tz-xl3q2OoU
UgzBkaBtTIa-Zv-QYKp4AaABAg,"Aun estoy enojado por que no dejaron entrar al 2070 
Queremos vernos a nosotros wee BabyRage, agrega un cuadrito con los comentarios de la comunidad Chadiana",Tz-xl3q2OoU
UgzPnCHBSZ5FGVHqWcJ4AaABAg,"Estoy como el t√≠o sky, no entend√≠ una wea",Tz-xl3q2OoU
Ugw8fUSMr9zYbtCMHRJ4AaABAg,No pueden acusar al alka por que se arde pinche viejito jajajajaj,Tz-xl3q2OoU
Ugz-4Lo2U4F7IGFkcGV4AaABAg,falt√≥ la parte del gonorrea lo dijo con todo su odio la vita XD,Tz-xl3q2OoU
Ugz0U1c_f5NCtT97szd4AaABAg,Hubieran puesto la carreada del zilverk a la coco jaja todo pendejo,Tz-xl3q2OoU
Ugxog-gP3Gmqbl73ZJ94AaABAg,Y el resumen de la semifinal de lol!? BabyRage no la pude ver :(,Tz-xl3q2OoU
UgywVzFqBUIHIzq7iO54AaABAg,"Lugar muy agradable mi king ü§ñ
Estuvo bueno el stream t√≠o Skyshock üçÜüçåüí¶üòà",Tz-xl3q2OoU
UgwBAwJQ1zSrCiSNaHd4AaABAg,Hay que estar mariguano para ser un buen detective PepoG,Tz-xl3q2OoU
UgwEHZpBDwzQCAJWzUZ4AaABAg,Grande mi king el amo de los enga√±os y el humo,Tz-xl3q2OoU
UgyShZFPLYPadCAXfR54AaABAg,Sube uno de las veces en el que el delta fue el 3er impostor,Tz-xl3q2OoU
Ugze0qoKQtFEnFKE5xV4AaABAg,Que hora son weee,Tz-xl3q2OoU
UgwI6WdnaZH7WICnIlp4AaABAg,El Ruking bien desorientado xd,Tz-xl3q2OoU
UgyKEgquB8AnutLs2uR4AaABAg,"Hubieran puesto los clips del Delta siendo el 3er impostor, se paso de burro el profe.",Tz-xl3q2OoU
Ugz4dJnzJQzP5kJAD1p4AaABAg,"bastante bien tu metafora sobre la inmigraci√≥n mi king, 10/10.",Tz-xl3q2OoU
UgymGvlp1MI6aNG9OFl4AaABAg,muteateeee weeee :babyrage,Tz-xl3q2OoU
UgygF5ezdXzAtxCVTZ54AaABAg,Gran video üëå‚ù§Ô∏èü§°,Tz-xl3q2OoU
UgyNVmB95MWpmpUzJr54AaABAg,Gran video mi King,Tz-xl3q2OoU
Ugw4FwkKBO0_JFqgu7R4AaABAg,"incre√≠ble pel√≠cula, logr√≥ adaptar el libro a la perfecci√≥n, sin duda alguna mi t√≠o difunto (el cual me ense√±√≥ el libro) estar√≠a muy orgulloso de ver esta semejante obra de arte ‚ù§Ô∏è",Tz-xl3q2OoU
UgzMd0z7k5VULIvwTE54AaABAg,Lugar muy agradable ü§ñ,Tz-xl3q2OoU
Ugwvx4kJpcNBKHNFHhl4AaABAg,Este video me meti√≥ y saco de las drogas,Tz-xl3q2OoU
UgzYU-N_hM54JyFouG94AaABAg,Como extra√±o a mi King con el AlanQ albureandose al Darkoz... Diganle a TV Azteca que los vuelvan a contratar,iluqNcCJl9g
Ugyl8v8d4aEvgDxe4V94AaABAg,Pinches videos qleros que sacas,iluqNcCJl9g
UgylZk0F2EKJPdSkdqV4AaABAg,El mejor,iluqNcCJl9g
UgxrOBw_WfP3-k_xAmF4AaABAg,jajajajajaja se te extra√±aba casteando lolsito tio skychok te mando un beso,iluqNcCJl9g
UgzcjWQWAN6HJx-6Xqh4AaABAg,Jajajaja grande skyshok saludos desde venezuela se te Extra√±aba esto si es Lol xD,iluqNcCJl9g
UgzIRee0nlmi5ADr9E94AaABAg,LOBITO,iluqNcCJl9g
UgxJtDEv0qM2ie9KNKJ4AaABAg,Saquen la Ramera!!! Jajajajajajajajaja,iluqNcCJl9g
Ugz6Kfj2HVY0A9ejCj14AaABAg,"Un furro, un calvo y un argentino

Tremenda combinaci√≥n",iluqNcCJl9g
Ugy3alP5KpWpZQQUKtF4AaABAg,Skyfurro para octubre babyrage,iluqNcCJl9g
UgzIIugqulyfP5M6-UF4AaABAg,"Grande mi King con sus ocurrencias!!! Sangra Riot LATAM que mi King es superior en todos los aspectos! 
Excelente transmisi√≥n una vez m√°s",iluqNcCJl9g
Ugwau2XY91GcoVlnKFR4AaABAg,soy un furro enamorado de vooooooos,iluqNcCJl9g
UgzHxfEm0VFrtBx8s554AaABAg,Furrosky xd,iluqNcCJl9g
UgxvT07JjSGQV5AVPJ14AaABAg,El furro que pod√≠a volar,iluqNcCJl9g
Ugyoiodh7_px-LIVaF94AaABAg,sacamos la ramera jajajajajajaj,iluqNcCJl9g
UgwJD3lREqxiIjjN5pF4AaABAg,Necesitamos m√°s de sky furro,iluqNcCJl9g
Ugy1SukrAuBDlZ7DEDx4AaABAg,incre√≠ble impresionante,iluqNcCJl9g
UgwtaVqMnfbs9053RKd4AaABAg,Rawr,iluqNcCJl9g
UgzbxaWlJF3RNcaq7oh4AaABAg,"Otro fin de semana entretenido con Sky, Jj y Darkoz, excelente!! Es como estar con los cuates",iluqNcCJl9g
Ugwzyq0EMJ5QJN2Y5-54AaABAg,No me gustan los furros pero al skyfurro si me lo doy üòçüòò,iluqNcCJl9g
UgyYZ729QXJuBlSsk2J4AaABAg,"Un grande mi king, al fin mostrando sus gustos, de admirarse",iluqNcCJl9g
UgwjpTxYJuGmGw7_K2J4AaABAg,XD,iluqNcCJl9g
UgyHUpreIE2gs0-UdV54AaABAg,El cotorreo del tio sky es lo mejor,iluqNcCJl9g
UgxftgNeSTvR1RZFG794AaABAg,C√≥mo le trabaja mi King peepoClap,iluqNcCJl9g
UgzQFlCxwmCxt75m-Kt4AaABAg,"en este momento 3 personas le han dado dislike, todo bien encasa a esas personas ?.... dejando eso de lado se la rifan con estos resumenes !!! bien chingo que es la lla",iluqNcCJl9g
UgzlYk2ZXxoJ_EJhBYh4AaABAg,Y megumin,iluqNcCJl9g
Ugwm78tE-HZO-P9Bf3x4AaABAg,"Estoy cansado de este mundo, de sus furros",iluqNcCJl9g
Ugyc1gQ_Lr4CvlhcdTB4AaABAg,"Pero agrega los chistes doble sentido y las albureadas mi King, falto el ""sacame de una duda"" Babyraje",iluqNcCJl9g
UgwirqGN6jiNO9s7ajh4AaABAg,:/ ya van a empezar con los vtubers en este canal como el rubius,iluqNcCJl9g
Ugw44FUfyZDzvyRcyzt4AaABAg,"Grande mi King, que chambeador",iluqNcCJl9g
UgyjgAqk7HftvZqUpjR4AaABAg,"Mi King madrug√≥ pa chambear tempranito, es todo un hombre trabajador y que chingue su madre el 8vv babiraje",iluqNcCJl9g
UgzUTwkaTe7jQYMfKFd4AaABAg,Valiente joven de Tijuana vence estereotipos sociales ante las masas.,iluqNcCJl9g
Ugx4D43ovkb5pIKxkHF4AaABAg,Como le chambeas mi King peepoClap <3,iluqNcCJl9g
UgwxjnPyF7gADf96InF4AaABAg,Grande mi Kin c√≥mo todo un hombre trabajador hoy prender√° Stream tambi√©n  BabyRage,iluqNcCJl9g
Ugwf5tMtJFnUEfCWIdJ4AaABAg,"Muy bien v√≠deo, contenido de calidad, este video evito que mi perro se muriera de aburrimiento gracias a la participaci√≥n furra de el marihuano amigo de todos los ni√±os Skyshock üòéüòéüòéü•µü•µü•µü§ñü§ñü§ñ dios no existe üñïü§òüòù",iluqNcCJl9g
UgzxnrM0_IRTAROUond4AaABAg,"Un grande mi king, como  siempre igual de trabajador que no te duela la espalda por tanto esfuerzo",iluqNcCJl9g
UgzB4hU9IHRSmBx9DUR4AaABAg,Skyfurro ‚ù§Ô∏è,iluqNcCJl9g
UgwjNRZom2GvDY5lW4t4AaABAg,los Vtubers furros invaden a la LLA OwO,iluqNcCJl9g
UgxQqN9epNqArWqvzXx4AaABAg,"Arriba yo, mi apa y el furro del Sky",iluqNcCJl9g
UgztiGGKYm8RVGiW3EB4AaABAg,La persona mas trabajadora que conozco mi king <3,iluqNcCJl9g
UgwDxu_3IVr6am1NWS14AaABAg,rugeme,iluqNcCJl9g
UgzlyyaAcLvMjR_ixyJ4AaABAg,:yougotthis:,iluqNcCJl9g
UgymY63PX3kjtFZisG14AaABAg,"Regresanos al kikiriki we, nomas se pas√≥ de huevos un d√≠a Sadge",iluqNcCJl9g
Ugy8zRfOn9A5TqpIGvd4AaABAg,puchale pley mi king BabyRage,iluqNcCJl9g
UgyW2tKi4YBe_QfpZ5N4AaABAg,RAWR AYAYA,iluqNcCJl9g
Ugxalfw3RJ61VLL2G_x4AaABAg,En qu√© parte de Ucrania est√°s?,WfGkXJjWcR0
Ugyrgeqzv7Xaw2H_GZp4AaABAg,C√≥mo busco el juego raza :(,WfGkXJjWcR0
Ugw1jKOH4KZ2J_E_zX54AaABAg,"Vengo de tu comentario del video de Adri√°n Marcelo yo tambi√©n soy de
Tijuana Saludos jaja",WfGkXJjWcR0
UgwOJuxanFNA5uvAn3l4AaABAg,PILINGA,WfGkXJjWcR0
UgzC0Jd-i4v-QaN_ctt4AaABAg,Skyshock y ezreal nunca han sido compatibles jajaja,WfGkXJjWcR0
UgxzkfMGoeCejj89g7B4AaABAg,"Recien veo un video tuyo desde hace a√±os, literal, hasta ya me cas√© y todo y pum perra! me tope con un video tuyo... y te ves diferente... flaco se te ve diferente xD",WfGkXJjWcR0
Ugz3l84CYSgp8JpnA254AaABAg,PILINGA,WfGkXJjWcR0
UgyJ-tI6UjL1bbJQsY94AaABAg,No le crean Chad! Yo le estaba pasando las respuestas.,WfGkXJjWcR0
UgxsR7nItaM6ZVSDc7p4AaABAg,"ah caray, me hicieron clickbait, grande mi king",WfGkXJjWcR0
UgwLQX6X4wQzUgrpGbF4AaABAg,Pilinga,WfGkXJjWcR0
UgwwDMnnOo3zUDKP9_B4AaABAg,"Cuanta cultura tiene nuestro King! Increible y grandiosa parte del stream, como con el Majo Tori :v grande Sky",WfGkXJjWcR0
Ugx-RdB3C3Gpg_qf4DJ4AaABAg,"Un instructor de manejo en UK gana m√°s que un profesionista en M√©xico
KEKU",WfGkXJjWcR0
UgxkAkFsdTWWZGKMCPJ4AaABAg,Rolen la pagina del test,WfGkXJjWcR0
UgzSbraGJI7Yd4H6vM14AaABAg,"Como le sabe al porno mi king, Grande.",WfGkXJjWcR0
UgwmQj2H_mBZytT4QFN4AaABAg,se quedo bien cocodrilo en el minuto 5:00 KEKW,WfGkXJjWcR0
UgwDRM_YdOfYeL3dSf54AaABAg,Esta parte del stream fue un cague de risa hahahaha,WfGkXJjWcR0
UgxHG-PZNlOCYg5QjpF4AaABAg,Humilde mi king parando a los 36 puntos para no humillar a los del otro barrio peepoClap,WfGkXJjWcR0
UgzoxUNS4woqR8YE5EB4AaABAg,Jajajajaja,WfGkXJjWcR0
UgxCy6H2hjtB4_B_uVp4AaABAg,De risa que no te niegues a las donaciones,WfGkXJjWcR0
UgwQWYCm6Q6O-z74wg14AaABAg,Pilinga para todos,WfGkXJjWcR0
UgyJhfHoz9-8Ac-DdBZ4AaABAg,Mi compa el pajas,WfGkXJjWcR0
UgxTqCbPvG3zih1OeAx4AaABAg,Esta Chido el Morrorles.,WfGkXJjWcR0
UgyhhibawXrIkIdwLtR4AaABAg,Para cuando la pr√≥xima guia de campeones  :v,WfGkXJjWcR0
UgxsaAobLNao-GJ76th4AaABAg,como se llama la pagina,WfGkXJjWcR0
UgwAttq3b3VKYnaB_O14AaABAg,Ni los de la otra cuadra saben tanto de LOL como mi king,WfGkXJjWcR0
UgzL7tkYoDM4vI3o1iR4AaABAg,Ban al los spoileros babyrage,WfGkXJjWcR0
UgwslqLeJJIc19wDocF4AaABAg,LOS DE ENFRENTE NO TRAEN NADA,WfGkXJjWcR0
Ugw_6A4O7NAhT_zYU314AaABAg,Spoiler: No le sabe KEKU,WfGkXJjWcR0
Ugx_qWpVIswiWZzuc3V4AaABAg,T√≠tulos que envejecieron bien,RsaExJ-OEKg
UgyeCzNje2KHSgqvzRB4AaABAg,"Muy buenos hablando los casters y muy emocionante, pero creo que subiria mucho la calidad si dijeran algo mas que lo obvio, son como jugadores de oro 3 narrando una partida
Peeeero muy divertido la verdad, es una queja medio mamona.",RsaExJ-OEKg
Ugz8Fxdiq5KqpnfiziF4AaABAg,el flow de este pana @alanq es candela que bueno llegar a un lugar donde te sientes comodo,RsaExJ-OEKg
UgyGP1noMx6eiukxKm14AaABAg,-.- AlanQ,RsaExJ-OEKg
UgwiOCJQ517PvlsBUv94AaABAg,2:50 no puedo LPTM AHAHAHAHAHAHA,RsaExJ-OEKg
Ugy2jUQiXKpbdd80fdN4AaABAg,esta semana estuvo buena y bien entretenida XD me re√≠ mucho,RsaExJ-OEKg
Ugzp1MzjSm_VuQ98v0d4AaABAg,COCODRILO 7U7,RsaExJ-OEKg
UgystTURbAjgQrGih9t4AaABAg,Le√≠ Que ch1ngue su madre el 8vvv de pura costumbre BabyRage,RsaExJ-OEKg
UgwM9hlh8-9U2wevPM14AaABAg,Prefiero perderme los drpos kk a perderme esos casteos god,RsaExJ-OEKg
Ugywxz_foV-QadDRRhR4AaABAg,COCODRILO,RsaExJ-OEKg
UgwuOHxNLSb36O3ArqV4AaABAg,Como la est√°n rompiendo! Cada dia mejor estos tipos!,RsaExJ-OEKg
Ugy9Jp4i-bpZMLdtmn94AaABAg,"Que grandes todos, paso las semanas esperando el fin para ver la LLA con emoci√≥n",RsaExJ-OEKg
Ugz7sG2462EV83uNojh4AaABAg,Contenido ilarante,RsaExJ-OEKg
UgwY0uq52V0-Kj-X5lN4AaABAg,esa musica de fondo esta muy rara,RsaExJ-OEKg
UgxSnI_g2Plr6pls1pl4AaABAg,"Shajajajja el clip del 5:00 de Alan es una joya, que grande que le meta esas ganas",RsaExJ-OEKg
UgzmczcOJWbodqmKaYl4AaABAg,Esto no lo tiene ni la LLA.,RsaExJ-OEKg
Ugzu5EpIDdUJrYiSU5Z4AaABAg,#QueChingueASuMadreJerry XDDDD,RsaExJ-OEKg
UgzysoOxXl4lAZUNPHZ4AaABAg,"Sali por fin en los tweets de la transmision de Azteca de la LLA y ahora en el video de Skyshock, me hare influencer.",RsaExJ-OEKg
UgxjcU2shLmIwlUdjaB4AaABAg,COCODRILO,RsaExJ-OEKg
UgxSK9StIlFVLQhvRkJ4AaABAg,De verdad que este casteo si es de Leyenda xD,RsaExJ-OEKg
UgwlF8_KbZ3gEoDgjvR4AaABAg,"Falt√≥ el ""ya sabemos lo que alan Q est√° comiendo""  y el mame posterior a su √©xito de tinder xDDDD",RsaExJ-OEKg
UgxxvCqUjsyUKcG1WQN4AaABAg,De Rubens luego no sabe d√≥nde meterse con cada cosa que dicen Sky y Alan,RsaExJ-OEKg
UgwMLJdSU6OR1dy3tJN4AaABAg,le falto que Skyshock le diga a alan Q que era el MVP  de la partida jajaja,RsaExJ-OEKg
UgxLA9HsuuCmCxomvL14AaABAg,2:50 tremendo cuck jajjajajj,RsaExJ-OEKg
UgzJR5veAeS3TO5ZmYt4AaABAg,A esa todav√≠a ni la vacunan xD,RsaExJ-OEKg
UgzywXQp_N2xHcYZxNN4AaABAg,puros videos mamalones,RsaExJ-OEKg
UgyE2CeYNTDWEJVLQg54AaABAg,Bvoy: Mamalon,RsaExJ-OEKg
Ugzh8Q2O2P9zf1bM2nR4AaABAg,5:00 Que buen rap,RsaExJ-OEKg
UgylJhOmzNz-2iuzxx94AaABAg,Dejo mi: BabyRage,RsaExJ-OEKg
UgzflBW2Bug-oI-TKfR4AaABAg,"la mejor semana hasta ahora, todo un fin de semana cag√°ndome de risa KEKW",RsaExJ-OEKg
UgydO9w5dBhAYSjbXu94AaABAg,ese mamon que le hace UUuuUu 0:10 echa a perder el casteo del sky,RsaExJ-OEKg
UgxAeTRfm8mD43Nr_nR4AaABAg,"Esto era lo √∫nico que quer√≠a, una buena transmisi√≥n, ya me dieron a JJ, a Fahren, dame un d√≠a con raytone y xavy Becker y con eso por fin puedo decirle adi√≥s al LOL .
Gracias azteca",RsaExJ-OEKg
UgwwRXvNL40vg3kzMiB4AaABAg,Muy fuerte la musica de fondo :(,RsaExJ-OEKg
UgwR22Z4FSyU1il_E3V4AaABAg,"Los sabados y domingo, ahora son de mandar a ch1ngar a su m4dr3 al Jerry xD",RsaExJ-OEKg
Ugxr2b6JtTjyLzg-C054AaABAg,video mamal√≥n :D,RsaExJ-OEKg
UgwgRuoN3oeiGcpE5pd4AaABAg,"Esto se√±ores son momentos que te llenan de alegria, que sigan asi, animos",RsaExJ-OEKg
UgxGVyWmrMNknGGU9s14AaABAg,que ch1ng3 a su m4adre el Jerry x2,RsaExJ-OEKg
Ugzh2BgQHuNFS2FfSz94AaABAg,4:42 11111111111,RsaExJ-OEKg
UgywUrzXZP6YbMpkt9l4AaABAg,1:12 risas que te dan a√±os de vida.,RsaExJ-OEKg
UgwEfnjtFBlgRYIa4qh4AaABAg,"traigo la mandibula bien torcida, sin embargo, excelente servicio....",RsaExJ-OEKg
UgynSehuv57KonZVRlN4AaABAg,COCODRILO,RsaExJ-OEKg
UgxB5OEVc4AuRFs6lDZ4AaABAg,"Esto es contenido de calidad, no como los del otro lado con sus drops piteros BabyRage.",RsaExJ-OEKg
Ugyyy-powRBRUYNWFjh4AaABAg,"Vengo del futuro, quitenle el celular a AlanQ!!!!!!!",RsaExJ-OEKg
Ugw3Yee00bU02u5MdXl4AaABAg,Mamalon,RsaExJ-OEKg
UgzbMztAb9OQfLZZbpN4AaABAg,Buen Video lo bueno que respeta a jerry ... equisde,RsaExJ-OEKg
Ugwr9TF8wMtijvjSa8h4AaABAg,Salu2 banda,RsaExJ-OEKg
